phi,psi,ccorr,imagcoh,plv,error,target,measure,result
1.874267906484297,-2.0177160415834825,-0.9733954890591003,-0.05908887074054139,0.44195909056406996,7.078000024044498e-4,1,circular correlation,-0.9733954890591003
-1.7207718750898993,1.4148225495867264,-0.9733954890591003,-0.05908887074054139,0.44195909056406996,7.078000024044498e-4,1,circular correlation,-0.9733954890591003
-2.9492095064366493,-1.6047391539527482,-0.9733954890591003,-0.05908887074054139,0.44195909056406996,7.078000024044498e-4,1,circular correlation,-0.9733954890591003
-0.2800666327565584,0.5579211768450301,-0.9733954890591003,-0.05908887074054139,0.44195909056406996,7.078000024044498e-4,1,circular correlation,-0.9733954890591003
1.4998431044283853,-1.4144587789142173,-0.9733954890591003,-0.05908887074054139,0.44195909056406996,7.078000024044498e-4,1,circular correlation,-0.9733954890591003
2.0170342851855922,-1.4885239923019316,-0.9733954890591003,-0.05908887074054139,0.44195909056406996,7.078000024044498e-4,1,circular correlation,-0.9733954890591003
2.6030021426988776,-2.30449663592349,-0.9733954890591003,-0.05908887074054139,0.44195909056406996,7.078000024044498e-4,1,circular correlation,-0.9733954890591003
-0.6590714480341187,0.42924360186753274,-0.9733954890591003,-0.05908887074054139,0.44195909056406996,7.078000024044498e-4,1,circular correlation,-0.9733954890591003
-1.1540044326195407,-0.24015124797199405,-0.9733954890591003,-0.05908887074054139,0.44195909056406996,7.078000024044498e-4,1,circular correlation,-0.9733954890591003
0.5211947018513583,-0.21124814872761055,-0.9733954890591003,-0.05908887074054139,0.44195909056406996,7.078000024044498e-4,1,circular correlation,-0.9733954890591003
1.7145083957222713,-1.413374951185585,-0.9733954890591003,-0.05908887074054139,0.44195909056406996,7.078000024044498e-4,1,circular correlation,-0.9733954890591003
-0.6161059331822512,1.3924908227635235,-0.9733954890591003,-0.05908887074054139,0.44195909056406996,7.078000024044498e-4,1,circular correlation,-0.9733954890591003
2.0960993824499674,-2.439183182021611,-0.9733954890591003,-0.05908887074054139,0.44195909056406996,7.078000024044498e-4,1,circular correlation,-0.9733954890591003
0.20376959593586852,-0.30980724382381375,-0.9733954890591003,-0.05908887074054139,0.44195909056406996,7.078000024044498e-4,1,circular correlation,-0.9733954890591003
0.009537753354282419,-0.14020951388904113,-0.9733954890591003,-0.05908887074054139,0.44195909056406996,7.078000024044498e-4,1,circular correlation,-0.9733954890591003
-1.7585828975678983,1.9133298658231226,-0.9733954890591003,-0.05908887074054139,0.44195909056406996,7.078000024044498e-4,1,circular correlation,-0.9733954890591003
-0.4747939759320188,0.5143335970416607,-0.9733954890591003,-0.05908887074054139,0.44195909056406996,7.078000024044498e-4,1,circular correlation,-0.9733954890591003
1.935196051151796,-2.1383149733102043,-0.9733954890591003,-0.05908887074054139,0.44195909056406996,7.078000024044498e-4,1,circular correlation,-0.9733954890591003
1.623746125875135,-2.348330478967569,-0.9733954890591003,-0.05908887074054139,0.44195909056406996,7.078000024044498e-4,1,circular correlation,-0.9733954890591003
-2.7438022556344537,-1.298822401783528,-0.9733954890591003,-0.05908887074054139,0.44195909056406996,7.078000024044498e-4,1,circular correlation,-0.9733954890591003
1.7198973251070964,-0.734085378425418,-0.7500004550242368,-0.1471204930041435,0.4736676559468712,2.0704705611643805e-13,2,circular correlation,-0.7500004550242368
2.1075369309612,2.9700812775896948,-0.7500004550242368,-0.1471204930041435,0.4736676559468712,2.0704705611643805e-13,2,circular correlation,-0.7500004550242368
2.4786534505738693,1.7542675291526253,-0.7500004550242368,-0.1471204930041435,0.4736676559468712,2.0704705611643805e-13,2,circular correlation,-0.7500004550242368
-0.016221561270281626,-1.2704026609129606,-0.7500004550242368,-0.1471204930041435,0.4736676559468712,2.0704705611643805e-13,2,circular correlation,-0.7500004550242368
0.648296171314878,-1.3876463827102932,-0.7500004550242368,-0.1471204930041435,0.4736676559468712,2.0704705611643805e-13,2,circular correlation,-0.7500004550242368
0.7492153146137048,2.9258454231945157,-0.7500004550242368,-0.1471204930041435,0.4736676559468712,2.0704705611643805e-13,2,circular correlation,-0.7500004550242368
0.4176688155483652,3.099281474199339,-0.7500004550242368,-0.1471204930041435,0.4736676559468712,2.0704705611643805e-13,2,circular correlation,-0.7500004550242368
1.6479560654248653,2.2478899322442105,-0.7500004550242368,-0.1471204930041435,0.4736676559468712,2.0704705611643805e-13,2,circular correlation,-0.7500004550242368
-2.5386994892866865,1.597830169297234,-0.7500004550242368,-0.1471204930041435,0.4736676559468712,2.0704705611643805e-13,2,circular correlation,-0.7500004550242368
-2.3495799675394977,1.2233222837348467,-0.7500004550242368,-0.1471204930041435,0.4736676559468712,2.0704705611643805e-13,2,circular correlation,-0.7500004550242368
-0.8522125915608538,2.3763488082834483,-0.7500004550242368,-0.1471204930041435,0.4736676559468712,2.0704705611643805e-13,2,circular correlation,-0.7500004550242368
2.8620403550344617,0.1388179540278447,-0.7500004550242368,-0.1471204930041435,0.4736676559468712,2.0704705611643805e-13,2,circular correlation,-0.7500004550242368
-2.961921623787362,-0.7802656528306389,-0.7500004550242368,-0.1471204930041435,0.4736676559468712,2.0704705611643805e-13,2,circular correlation,-0.7500004550242368
-1.2837220033741796,2.764062374886886,-0.7500004550242368,-0.1471204930041435,0.4736676559468712,2.0704705611643805e-13,2,circular correlation,-0.7500004550242368
3.045061734952423,-0.4248516145807759,-0.7500004550242368,-0.1471204930041435,0.4736676559468712,2.0704705611643805e-13,2,circular correlation,-0.7500004550242368
-2.448427356975746,1.8889346447728173,-0.7500004550242368,-0.1471204930041435,0.4736676559468712,2.0704705611643805e-13,2,circular correlation,-0.7500004550242368
-0.0908339250375767,2.011482080976858,-0.7500004550242368,-0.1471204930041435,0.4736676559468712,2.0704705611643805e-13,2,circular correlation,-0.7500004550242368
1.1330027221568582,-1.4430198830217023,-0.7500004550242368,-0.1471204930041435,0.4736676559468712,2.0704705611643805e-13,2,circular correlation,-0.7500004550242368
-1.9087159494749872,0.7159285988998141,-0.7500004550242368,-0.1471204930041435,0.4736676559468712,2.0704705611643805e-13,2,circular correlation,-0.7500004550242368
1.0859966626800892,-2.005413806083137,-0.7500004550242368,-0.1471204930041435,0.4736676559468712,2.0704705611643805e-13,2,circular correlation,-0.7500004550242368
1.780150006850283,1.8070127025665261,-0.49999653857801846,-0.2332344815659583,0.1074660821367126,1.1981442134310454e-11,3,circular correlation,-0.49999653857801846
1.160218488762779,-0.19729627852478648,-0.49999653857801846,-0.2332344815659583,0.1074660821367126,1.1981442134310454e-11,3,circular correlation,-0.49999653857801846
0.9208918760087235,-1.7987857969571714,-0.49999653857801846,-0.2332344815659583,0.1074660821367126,1.1981442134310454e-11,3,circular correlation,-0.49999653857801846
-2.0613260201255637,0.3057944361256948,-0.49999653857801846,-0.2332344815659583,0.1074660821367126,1.1981442134310454e-11,3,circular correlation,-0.49999653857801846
1.5997936335748308,-2.576094734354459,-0.49999653857801846,-0.2332344815659583,0.1074660821367126,1.1981442134310454e-11,3,circular correlation,-0.49999653857801846
-2.2183466220124695,-2.2905136596935467,-0.49999653857801846,-0.2332344815659583,0.1074660821367126,1.1981442134310454e-11,3,circular correlation,-0.49999653857801846
2.2513989943421606,1.7897801742025505,-0.49999653857801846,-0.2332344815659583,0.1074660821367126,1.1981442134310454e-11,3,circular correlation,-0.49999653857801846
-1.5703974519401578,-0.17920910756722996,-0.49999653857801846,-0.2332344815659583,0.1074660821367126,1.1981442134310454e-11,3,circular correlation,-0.49999653857801846
0.12123672597341262,-0.24417587751111158,-0.49999653857801846,-0.2332344815659583,0.1074660821367126,1.1981442134310454e-11,3,circular correlation,-0.49999653857801846
-0.1529035466464581,3.0473365725656834,-0.49999653857801846,-0.2332344815659583,0.1074660821367126,1.1981442134310454e-11,3,circular correlation,-0.49999653857801846
-0.6269932825926263,0.35502004076400073,-0.49999653857801846,-0.2332344815659583,0.1074660821367126,1.1981442134310454e-11,3,circular correlation,-0.49999653857801846
-2.697831194606667,-0.7900226844387408,-0.49999653857801846,-0.2332344815659583,0.1074660821367126,1.1981442134310454e-11,3,circular correlation,-0.49999653857801846
-0.8919133443194185,-0.13316848332185627,-0.49999653857801846,-0.2332344815659583,0.1074660821367126,1.1981442134310454e-11,3,circular correlation,-0.49999653857801846
-2.226490379746953,1.0726625520608595,-0.49999653857801846,-0.2332344815659583,0.1074660821367126,1.1981442134310454e-11,3,circular correlation,-0.49999653857801846
-2.0878781485740054,-1.5540170748202728,-0.49999653857801846,-0.2332344815659583,0.1074660821367126,1.1981442134310454e-11,3,circular correlation,-0.49999653857801846
2.272560579807136,2.068099386423458,-0.49999653857801846,-0.2332344815659583,0.1074660821367126,1.1981442134310454e-11,3,circular correlation,-0.49999653857801846
-2.8890473939517505,1.3109061212103734,-0.49999653857801846,-0.2332344815659583,0.1074660821367126,1.1981442134310454e-11,3,circular correlation,-0.49999653857801846
3.0980591095915173,1.4403273223171702,-0.49999653857801846,-0.2332344815659583,0.1074660821367126,1.1981442134310454e-11,3,circular correlation,-0.49999653857801846
3.0072575091918203,2.3895487488339553,-0.49999653857801846,-0.2332344815659583,0.1074660821367126,1.1981442134310454e-11,3,circular correlation,-0.49999653857801846
-0.1543642571823436,3.0846370176160836,-0.49999653857801846,-0.2332344815659583,0.1074660821367126,1.1981442134310454e-11,3,circular correlation,-0.49999653857801846
-1.9651551548858628,1.5487253753597496,-0.2500016898613942,-0.07886447213904221,0.1822581288700379,2.855631531624898e-12,4,circular correlation,-0.2500016898613942
-2.2145319870490403,2.127223337630486,-0.2500016898613942,-0.07886447213904221,0.1822581288700379,2.855631531624898e-12,4,circular correlation,-0.2500016898613942
0.03189951973732441,-1.7613533425680528,-0.2500016898613942,-0.07886447213904221,0.1822581288700379,2.855631531624898e-12,4,circular correlation,-0.2500016898613942
1.5344966844833765,-0.09938678781292731,-0.2500016898613942,-0.07886447213904221,0.1822581288700379,2.855631531624898e-12,4,circular correlation,-0.2500016898613942
-2.2710496589969336,-1.5539447086516458,-0.2500016898613942,-0.07886447213904221,0.1822581288700379,2.855631531624898e-12,4,circular correlation,-0.2500016898613942
-0.212963341177975,-2.1165846111476823,-0.2500016898613942,-0.07886447213904221,0.1822581288700379,2.855631531624898e-12,4,circular correlation,-0.2500016898613942
-2.406638688035663,2.472212590926212,-0.2500016898613942,-0.07886447213904221,0.1822581288700379,2.855631531624898e-12,4,circular correlation,-0.2500016898613942
0.0020038978703897925,-2.835401177108631,-0.2500016898613942,-0.07886447213904221,0.1822581288700379,2.855631531624898e-12,4,circular correlation,-0.2500016898613942
2.0212258175854556,1.6958912490433846,-0.2500016898613942,-0.07886447213904221,0.1822581288700379,2.855631531624898e-12,4,circular correlation,-0.2500016898613942
1.2541005572249073,-1.5417675380178966,-0.2500016898613942,-0.07886447213904221,0.1822581288700379,2.855631531624898e-12,4,circular correlation,-0.2500016898613942
2.8351720504903017,0.783492054286067,-0.2500016898613942,-0.07886447213904221,0.1822581288700379,2.855631531624898e-12,4,circular correlation,-0.2500016898613942
-0.34601718877622156,2.2820094404072497,-0.2500016898613942,-0.07886447213904221,0.1822581288700379,2.855631531624898e-12,4,circular correlation,-0.2500016898613942
0.6359624099299239,3.091539852163992,-0.2500016898613942,-0.07886447213904221,0.1822581288700379,2.855631531624898e-12,4,circular correlation,-0.2500016898613942
2.1763726701088935,-1.3106489650816457,-0.2500016898613942,-0.07886447213904221,0.1822581288700379,2.855631531624898e-12,4,circular correlation,-0.2500016898613942
-2.0260933980768634,1.3814344814453854,-0.2500016898613942,-0.07886447213904221,0.1822581288700379,2.855631531624898e-12,4,circular correlation,-0.2500016898613942
0.6095094351430586,0.7538136245517708,-0.2500016898613942,-0.07886447213904221,0.1822581288700379,2.855631531624898e-12,4,circular correlation,-0.2500016898613942
-2.251510860761846,-0.4523693933095707,-0.2500016898613942,-0.07886447213904221,0.1822581288700379,2.855631531624898e-12,4,circular correlation,-0.2500016898613942
0.41782402530490304,0.9481900575675573,-0.2500016898613942,-0.07886447213904221,0.1822581288700379,2.855631531624898e-12,4,circular correlation,-0.2500016898613942
2.518996978815184,3.136261304660568,-0.2500016898613942,-0.07886447213904221,0.1822581288700379,2.855631531624898e-12,4,circular correlation,-0.2500016898613942
1.6282529580827863,2.075076872218034,-0.2500016898613942,-0.07886447213904221,0.1822581288700379,2.855631531624898e-12,4,circular correlation,-0.2500016898613942
-0.3723879066053257,1.2624047414817996,3.6970902414789482e-6,-0.12427302661853838,0.25766452786842503,1.3668476253638868e-11,5,circular correlation,3.6970902414789482e-6
-1.470787785632018,0.22629455960816136,3.6970902414789482e-6,-0.12427302661853838,0.25766452786842503,1.3668476253638868e-11,5,circular correlation,3.6970902414789482e-6
0.2907810681758001,1.5291485149220758,3.6970902414789482e-6,-0.12427302661853838,0.25766452786842503,1.3668476253638868e-11,5,circular correlation,3.6970902414789482e-6
-1.988251412937717,-2.479040696692796,3.6970902414789482e-6,-0.12427302661853838,0.25766452786842503,1.3668476253638868e-11,5,circular correlation,3.6970902414789482e-6
-0.5877005464638776,-1.2506144951249993,3.6970902414789482e-6,-0.12427302661853838,0.25766452786842503,1.3668476253638868e-11,5,circular correlation,3.6970902414789482e-6
-2.1825926759399596,-2.1799582311190444,3.6970902414789482e-6,-0.12427302661853838,0.25766452786842503,1.3668476253638868e-11,5,circular correlation,3.6970902414789482e-6
-1.8912404786943415,0.9127603321772835,3.6970902414789482e-6,-0.12427302661853838,0.25766452786842503,1.3668476253638868e-11,5,circular correlation,3.6970902414789482e-6
1.4270331844715383,-2.6083627558413602,3.6970902414789482e-6,-0.12427302661853838,0.25766452786842503,1.3668476253638868e-11,5,circular correlation,3.6970902414789482e-6
2.308853614117692,-1.8046678818781898,3.6970902414789482e-6,-0.12427302661853838,0.25766452786842503,1.3668476253638868e-11,5,circular correlation,3.6970902414789482e-6
-1.1576707350043227,0.364698433210751,3.6970902414789482e-6,-0.12427302661853838,0.25766452786842503,1.3668476253638868e-11,5,circular correlation,3.6970902414789482e-6
-1.3540755507503919,0.8242913824504212,3.6970902414789482e-6,-0.12427302661853838,0.25766452786842503,1.3668476253638868e-11,5,circular correlation,3.6970902414789482e-6
2.670926529233647,1.2717639764057864,3.6970902414789482e-6,-0.12427302661853838,0.25766452786842503,1.3668476253638868e-11,5,circular correlation,3.6970902414789482e-6
1.7050964240644442,-2.2523408327049372,3.6970902414789482e-6,-0.12427302661853838,0.25766452786842503,1.3668476253638868e-11,5,circular correlation,3.6970902414789482e-6
-0.22868806328433955,-2.6285111461884063,3.6970902414789482e-6,-0.12427302661853838,0.25766452786842503,1.3668476253638868e-11,5,circular correlation,3.6970902414789482e-6
-0.5199751943225466,-1.9812224265750784,3.6970902414789482e-6,-0.12427302661853838,0.25766452786842503,1.3668476253638868e-11,5,circular correlation,3.6970902414789482e-6
-0.2772539606260458,-2.7275656775100883,3.6970902414789482e-6,-0.12427302661853838,0.25766452786842503,1.3668476253638868e-11,5,circular correlation,3.6970902414789482e-6
2.5844991124076815,-2.612017631373025,3.6970902414789482e-6,-0.12427302661853838,0.25766452786842503,1.3668476253638868e-11,5,circular correlation,3.6970902414789482e-6
0.6734418795802739,2.275762761190844,3.6970902414789482e-6,-0.12427302661853838,0.25766452786842503,1.3668476253638868e-11,5,circular correlation,3.6970902414789482e-6
2.3233487184683987,1.5143071495653517,3.6970902414789482e-6,-0.12427302661853838,0.25766452786842503,1.3668476253638868e-11,5,circular correlation,3.6970902414789482e-6
1.5264760444715257,2.749692203740148,3.6970902414789482e-6,-0.12427302661853838,0.25766452786842503,1.3668476253638868e-11,5,circular correlation,3.6970902414789482e-6
-2.336694630447773,-0.831029422202537,0.24999656081359986,-0.11333660384781165,0.18155582188909603,1.1828003094903073e-11,6,circular correlation,0.24999656081359986
1.2854806430285803,2.024993791313828,0.24999656081359986,-0.11333660384781165,0.18155582188909603,1.1828003094903073e-11,6,circular correlation,0.24999656081359986
-3.0427065948399554,-2.615382402934981,0.24999656081359986,-0.11333660384781165,0.18155582188909603,1.1828003094903073e-11,6,circular correlation,0.24999656081359986
0.40856853906817925,-0.8151953498955833,0.24999656081359986,-0.11333660384781165,0.18155582188909603,1.1828003094903073e-11,6,circular correlation,0.24999656081359986
-2.1581947660462246,-0.5108593216727173,0.24999656081359986,-0.11333660384781165,0.18155582188909603,1.1828003094903073e-11,6,circular correlation,0.24999656081359986
-2.0452541197635457,-3.1272526668317853,0.24999656081359986,-0.11333660384781165,0.18155582188909603,1.1828003094903073e-11,6,circular correlation,0.24999656081359986
-3.0562800022840007,0.875089678151908,0.24999656081359986,-0.11333660384781165,0.18155582188909603,1.1828003094903073e-11,6,circular correlation,0.24999656081359986
1.4884112232617914,2.645471990184209,0.24999656081359986,-0.11333660384781165,0.18155582188909603,1.1828003094903073e-11,6,circular correlation,0.24999656081359986
-0.7414732522400165,-0.12033633207982142,0.24999656081359986,-0.11333660384781165,0.18155582188909603,1.1828003094903073e-11,6,circular correlation,0.24999656081359986
0.3699438327769835,1.3643867562077734,0.24999656081359986,-0.11333660384781165,0.18155582188909603,1.1828003094903073e-11,6,circular correlation,0.24999656081359986
2.463294670110443,0.22588339038988448,0.24999656081359986,-0.11333660384781165,0.18155582188909603,1.1828003094903073e-11,6,circular correlation,0.24999656081359986
3.1220895227603958,3.025273708141679,0.24999656081359986,-0.11333660384781165,0.18155582188909603,1.1828003094903073e-11,6,circular correlation,0.24999656081359986
-2.3682269738393003,-2.1366707119058317,0.24999656081359986,-0.11333660384781165,0.18155582188909603,1.1828003094903073e-11,6,circular correlation,0.24999656081359986
1.6724105083248553,-1.2223317258112758,0.24999656081359986,-0.11333660384781165,0.18155582188909603,1.1828003094903073e-11,6,circular correlation,0.24999656081359986
-0.150999558766292,-2.921055542671051,0.24999656081359986,-0.11333660384781165,0.18155582188909603,1.1828003094903073e-11,6,circular correlation,0.24999656081359986
-0.546482319022116,2.338598561274134,0.24999656081359986,-0.11333660384781165,0.18155582188909603,1.1828003094903073e-11,6,circular correlation,0.24999656081359986
0.9720949318843815,1.4940026190458688,0.24999656081359986,-0.11333660384781165,0.18155582188909603,1.1828003094903073e-11,6,circular correlation,0.24999656081359986
1.2376455683571432,-0.8132321079815346,0.24999656081359986,-0.11333660384781165,0.18155582188909603,1.1828003094903073e-11,6,circular correlation,0.24999656081359986
1.7466177973905923,2.0518807860993684,0.24999656081359986,-0.11333660384781165,0.18155582188909603,1.1828003094903073e-11,6,circular correlation,0.24999656081359986
1.6997905752602591,-2.226042514691576,0.24999656081359986,-0.11333660384781165,0.18155582188909603,1.1828003094903073e-11,6,circular correlation,0.24999656081359986
2.9809670441227087,1.106973093918362,0.4999960920910773,0.09601400003992677,0.33572677230527237,1.527175214799756e-11,7,circular correlation,0.4999960920910773
1.2900785652933555,-0.7637394725174658,0.4999960920910773,0.09601400003992677,0.33572677230527237,1.527175214799756e-11,7,circular correlation,0.4999960920910773
-0.6315416470445481,-0.9902561806247179,0.4999960920910773,0.09601400003992677,0.33572677230527237,1.527175214799756e-11,7,circular correlation,0.4999960920910773
-1.1063909490754065,-2.3713790224833495,0.4999960920910773,0.09601400003992677,0.33572677230527237,1.527175214799756e-11,7,circular correlation,0.4999960920910773
1.0438561312206627,0.5717301594502979,0.4999960920910773,0.09601400003992677,0.33572677230527237,1.527175214799756e-11,7,circular correlation,0.4999960920910773
0.24898037990077793,-1.5131735080132018,0.4999960920910773,0.09601400003992677,0.33572677230527237,1.527175214799756e-11,7,circular correlation,0.4999960920910773
-0.9277292142513054,-1.0344603306592841,0.4999960920910773,0.09601400003992677,0.33572677230527237,1.527175214799756e-11,7,circular correlation,0.4999960920910773
1.7107502893763433,-0.20115450259530565,0.4999960920910773,0.09601400003992677,0.33572677230527237,1.527175214799756e-11,7,circular correlation,0.4999960920910773
-2.6524237359351805,0.13221677903955253,0.4999960920910773,0.09601400003992677,0.33572677230527237,1.527175214799756e-11,7,circular correlation,0.4999960920910773
2.8968631727674525,-0.5554226605203678,0.4999960920910773,0.09601400003992677,0.33572677230527237,1.527175214799756e-11,7,circular correlation,0.4999960920910773
1.171860800454649,-0.938525957830441,0.4999960920910773,0.09601400003992677,0.33572677230527237,1.527175214799756e-11,7,circular correlation,0.4999960920910773
1.2319322617578479,0.22468254969576362,0.4999960920910773,0.09601400003992677,0.33572677230527237,1.527175214799756e-11,7,circular correlation,0.4999960920910773
2.9043247600982296,1.85917764463432,0.4999960920910773,0.09601400003992677,0.33572677230527237,1.527175214799756e-11,7,circular correlation,0.4999960920910773
0.1733990830649601,-0.27191837654898077,0.4999960920910773,0.09601400003992677,0.33572677230527237,1.527175214799756e-11,7,circular correlation,0.4999960920910773
-1.4239664254144284,-0.9190657065928658,0.4999960920910773,0.09601400003992677,0.33572677230527237,1.527175214799756e-11,7,circular correlation,0.4999960920910773
-2.8438354220973605,-0.1794990974293289,0.4999960920910773,0.09601400003992677,0.33572677230527237,1.527175214799756e-11,7,circular correlation,0.4999960920910773
-2.663546010971151,-2.0658525505251526,0.4999960920910773,0.09601400003992677,0.33572677230527237,1.527175214799756e-11,7,circular correlation,0.4999960920910773
0.14045562352335272,-0.5314898942074442,0.4999960920910773,0.09601400003992677,0.33572677230527237,1.527175214799756e-11,7,circular correlation,0.4999960920910773
0.0889669723915052,1.9131787127384188,0.4999960920910773,0.09601400003992677,0.33572677230527237,1.527175214799756e-11,7,circular correlation,0.4999960920910773
-1.239992646328076,-0.7645379741668359,0.4999960920910773,0.09601400003992677,0.33572677230527237,1.527175214799756e-11,7,circular correlation,0.4999960920910773
0.7319568531009373,-0.4034478225469247,0.7499986442917499,0.2260009316410837,0.5383033806710373,1.837944859405178e-12,8,circular correlation,0.7499986442917499
-1.5603562865310285,3.1177340162617817,0.7499986442917499,0.2260009316410837,0.5383033806710373,1.837944859405178e-12,8,circular correlation,0.7499986442917499
0.7266013118954353,-1.0992799412848178,0.7499986442917499,0.2260009316410837,0.5383033806710373,1.837944859405178e-12,8,circular correlation,0.7499986442917499
-0.5735235902224596,1.7877883936826109,0.7499986442917499,0.2260009316410837,0.5383033806710373,1.837944859405178e-12,8,circular correlation,0.7499986442917499
-0.07156924107759144,-2.059911292030746,0.7499986442917499,0.2260009316410837,0.5383033806710373,1.837944859405178e-12,8,circular correlation,0.7499986442917499
-2.9509498288937794,-2.79642387098738,0.7499986442917499,0.2260009316410837,0.5383033806710373,1.837944859405178e-12,8,circular correlation,0.7499986442917499
-0.20678637293388213,-2.819762914923669,0.7499986442917499,0.2260009316410837,0.5383033806710373,1.837944859405178e-12,8,circular correlation,0.7499986442917499
-1.4579940520816628,3.044572406409925,0.7499986442917499,0.2260009316410837,0.5383033806710373,1.837944859405178e-12,8,circular correlation,0.7499986442917499
-0.37653310107502813,1.6116016119616692,0.7499986442917499,0.2260009316410837,0.5383033806710373,1.837944859405178e-12,8,circular correlation,0.7499986442917499
0.8583019880658034,-2.3886713768821775,0.7499986442917499,0.2260009316410837,0.5383033806710373,1.837944859405178e-12,8,circular correlation,0.7499986442917499
0.18920683601274968,-0.8526772406753547,0.7499986442917499,0.2260009316410837,0.5383033806710373,1.837944859405178e-12,8,circular correlation,0.7499986442917499
0.18252715791448804,-1.3680111810996178,0.7499986442917499,0.2260009316410837,0.5383033806710373,1.837944859405178e-12,8,circular correlation,0.7499986442917499
1.5975504271762802,0.8674602970432757,0.7499986442917499,0.2260009316410837,0.5383033806710373,1.837944859405178e-12,8,circular correlation,0.7499986442917499
0.3011214164242384,-1.3871473272254862,0.7499986442917499,0.2260009316410837,0.5383033806710373,1.837944859405178e-12,8,circular correlation,0.7499986442917499
0.35604793967154436,-1.9831709252007244,0.7499986442917499,0.2260009316410837,0.5383033806710373,1.837944859405178e-12,8,circular correlation,0.7499986442917499
-2.0172997243564845,-2.850295993103218,0.7499986442917499,0.2260009316410837,0.5383033806710373,1.837944859405178e-12,8,circular correlation,0.7499986442917499
-1.9915582149078637,-2.523297369875162,0.7499986442917499,0.2260009316410837,0.5383033806710373,1.837944859405178e-12,8,circular correlation,0.7499986442917499
1.3566442827541048,-1.3292818205748675,0.7499986442917499,0.2260009316410837,0.5383033806710373,1.837944859405178e-12,8,circular correlation,0.7499986442917499
-0.027221536354825382,-0.8859027976360232,0.7499986442917499,0.2260009316410837,0.5383033806710373,1.837944859405178e-12,8,circular correlation,0.7499986442917499
-0.9621375331644715,2.7939039711891533,0.7499986442917499,0.2260009316410837,0.5383033806710373,1.837944859405178e-12,8,circular correlation,0.7499986442917499
-2.2012780531180636,1.1273026461886717,0.9751057864641715,0.48750032768914886,0.6758861733409876,6.197218675674292e-4,9,circular correlation,0.9751057864641715
3.059661761250693,0.5561556014960156,0.9751057864641715,0.48750032768914886,0.6758861733409876,6.197218675674292e-4,9,circular correlation,0.9751057864641715
-0.5164666574121868,1.3999031273100462,0.9751057864641715,0.48750032768914886,0.6758861733409876,6.197218675674292e-4,9,circular correlation,0.9751057864641715
-1.071318149363948,1.640155464384235,0.9751057864641715,0.48750032768914886,0.6758861733409876,6.197218675674292e-4,9,circular correlation,0.9751057864641715
2.5768681498846053,-0.19707868408967633,0.9751057864641715,0.48750032768914886,0.6758861733409876,6.197218675674292e-4,9,circular correlation,0.9751057864641715
-2.9962631268430937,0.5057656384146498,0.9751057864641715,0.48750032768914886,0.6758861733409876,6.197218675674292e-4,9,circular correlation,0.9751057864641715
-1.1041948120660563,2.8228512315415957,0.9751057864641715,0.48750032768914886,0.6758861733409876,6.197218675674292e-4,9,circular correlation,0.9751057864641715
-2.508010052959907,-3.113828558955238,0.9751057864641715,0.48750032768914886,0.6758861733409876,6.197218675674292e-4,9,circular correlation,0.9751057864641715
2.211449725449044,-0.8927594785814494,0.9751057864641715,0.48750032768914886,0.6758861733409876,6.197218675674292e-4,9,circular correlation,0.9751057864641715
-1.0873760408224395,2.208464799103452,0.9751057864641715,0.48750032768914886,0.6758861733409876,6.197218675674292e-4,9,circular correlation,0.9751057864641715
-1.9599421384742333,1.361662186855666,0.9751057864641715,0.48750032768914886,0.6758861733409876,6.197218675674292e-4,9,circular correlation,0.9751057864641715
2.0725473903063873,-0.4095753968249891,0.9751057864641715,0.48750032768914886,0.6758861733409876,6.197218675674292e-4,9,circular correlation,0.9751057864641715
-2.1333670932454254,2.18262039970048,0.9751057864641715,0.48750032768914886,0.6758861733409876,6.197218675674292e-4,9,circular correlation,0.9751057864641715
2.712314512226409,-1.1236605185251496,0.9751057864641715,0.48750032768914886,0.6758861733409876,6.197218675674292e-4,9,circular correlation,0.9751057864641715
-0.5898426754635775,2.4588438969235886,0.9751057864641715,0.48750032768914886,0.6758861733409876,6.197218675674292e-4,9,circular correlation,0.9751057864641715
1.108604086655756,-0.37007281241236,0.9751057864641715,0.48750032768914886,0.6758861733409876,6.197218675674292e-4,9,circular correlation,0.9751057864641715
2.725212699590542,-1.19580720994158,0.9751057864641715,0.48750032768914886,0.6758861733409876,6.197218675674292e-4,9,circular correlation,0.9751057864641715
1.8809947622276963,-0.5137377709888282,0.9751057864641715,0.48750032768914886,0.6758861733409876,6.197218675674292e-4,9,circular correlation,0.9751057864641715
2.0125654361829506,-0.7677322323862268,0.9751057864641715,0.48750032768914886,0.6758861733409876,6.197218675674292e-4,9,circular correlation,0.9751057864641715
-0.37673663833031457,1.4035718991005455,0.9751057864641715,0.48750032768914886,0.6758861733409876,6.197218675674292e-4,9,circular correlation,0.9751057864641715
-2.4288489297528093,0.5131367954643569,-0.6576322368353928,-0.9712443105958374,0.7941341203974847,8.268896731086704e-4,1,imaginary part of coherency,-0.9712443105958374
-2.228889340107567,-0.7518035736479396,-0.6576322368353928,-0.9712443105958374,0.7941341203974847,8.268896731086704e-4,1,imaginary part of coherency,-0.9712443105958374
-2.086830438829832,0.07818020883950627,-0.6576322368353928,-0.9712443105958374,0.7941341203974847,8.268896731086704e-4,1,imaginary part of coherency,-0.9712443105958374
-2.4305357474441083,0.36058005402944193,-0.6576322368353928,-0.9712443105958374,0.7941341203974847,8.268896731086704e-4,1,imaginary part of coherency,-0.9712443105958374
1.0725800405553532,2.801076927708727,-0.6576322368353928,-0.9712443105958374,0.7941341203974847,8.268896731086704e-4,1,imaginary part of coherency,-0.9712443105958374
-2.546177917730392,-1.0901779093029367,-0.6576322368353928,-0.9712443105958374,0.7941341203974847,8.268896731086704e-4,1,imaginary part of coherency,-0.9712443105958374
0.8698567324072846,2.3997641141392094,-0.6576322368353928,-0.9712443105958374,0.7941341203974847,8.268896731086704e-4,1,imaginary part of coherency,-0.9712443105958374
-2.251260625698551,0.4141424120195034,-0.6576322368353928,-0.9712443105958374,0.7941341203974847,8.268896731086704e-4,1,imaginary part of coherency,-0.9712443105958374
0.9039870149619773,2.608543983595938,-0.6576322368353928,-0.9712443105958374,0.7941341203974847,8.268896731086704e-4,1,imaginary part of coherency,-0.9712443105958374
0.9933080530274534,2.7631083489535904,-0.6576322368353928,-0.9712443105958374,0.7941341203974847,8.268896731086704e-4,1,imaginary part of coherency,-0.9712443105958374
-2.1118876566435314,-0.8009200094874984,-0.6576322368353928,-0.9712443105958374,0.7941341203974847,8.268896731086704e-4,1,imaginary part of coherency,-0.9712443105958374
0.6232055111938863,-2.1503926933100073,-0.6576322368353928,-0.9712443105958374,0.7941341203974847,8.268896731086704e-4,1,imaginary part of coherency,-0.9712443105958374
-2.36725270697146,0.677005255437753,-0.6576322368353928,-0.9712443105958374,0.7941341203974847,8.268896731086704e-4,1,imaginary part of coherency,-0.9712443105958374
-2.376960520163703,-0.28875833084638547,-0.6576322368353928,-0.9712443105958374,0.7941341203974847,8.268896731086704e-4,1,imaginary part of coherency,-0.9712443105958374
-2.343133752148752,-1.1346707208699858,-0.6576322368353928,-0.9712443105958374,0.7941341203974847,8.268896731086704e-4,1,imaginary part of coherency,-0.9712443105958374
0.5842646288069728,2.211213952793881,-0.6576322368353928,-0.9712443105958374,0.7941341203974847,8.268896731086704e-4,1,imaginary part of coherency,-0.9712443105958374
0.9858385439952775,2.4534940391548243,-0.6576322368353928,-0.9712443105958374,0.7941341203974847,8.268896731086704e-4,1,imaginary part of coherency,-0.9712443105958374
0.9737639034380319,2.9362500506004388,-0.6576322368353928,-0.9712443105958374,0.7941341203974847,8.268896731086704e-4,1,imaginary part of coherency,-0.9712443105958374
-2.3575511623831873,-0.13341350308219813,-0.6576322368353928,-0.9712443105958374,0.7941341203974847,8.268896731086704e-4,1,imaginary part of coherency,-0.9712443105958374
-2.3532715140386555,0.7080492167947794,-0.6576322368353928,-0.9712443105958374,0.7941341203974847,8.268896731086704e-4,1,imaginary part of coherency,-0.9712443105958374
-2.927223733406668,-1.8732541379024805,0.15257143556003314,-0.7495503771149385,0.5529016464786366,2.0216073877098316e-7,2,imaginary part of coherency,-0.7495503771149385
-2.2436053728836867,-0.47158185109412587,0.15257143556003314,-0.7495503771149385,0.5529016464786366,2.0216073877098316e-7,2,imaginary part of coherency,-0.7495503771149385
1.5038571643843808,-2.207182649422486,0.15257143556003314,-0.7495503771149385,0.5529016464786366,2.0216073877098316e-7,2,imaginary part of coherency,-0.7495503771149385
-2.280822668596297,0.8701076857633563,0.15257143556003314,-0.7495503771149385,0.5529016464786366,2.0216073877098316e-7,2,imaginary part of coherency,-0.7495503771149385
-2.9838642787698753,-1.7639331825087416,0.15257143556003314,-0.7495503771149385,0.5529016464786366,2.0216073877098316e-7,2,imaginary part of coherency,-0.7495503771149385
0.11417970863745719,1.9022555745001526,0.15257143556003314,-0.7495503771149385,0.5529016464786366,2.0216073877098316e-7,2,imaginary part of coherency,-0.7495503771149385
0.15099870003337967,1.8018578634810734,0.15257143556003314,-0.7495503771149385,0.5529016464786366,2.0216073877098316e-7,2,imaginary part of coherency,-0.7495503771149385
0.9784464803833002,-2.9338937006547194,0.15257143556003314,-0.7495503771149385,0.5529016464786366,2.0216073877098316e-7,2,imaginary part of coherency,-0.7495503771149385
-2.09936569084768,-0.06364427590812527,0.15257143556003314,-0.7495503771149385,0.5529016464786366,2.0216073877098316e-7,2,imaginary part of coherency,-0.7495503771149385
1.5404772589011637,-2.201519656964691,0.15257143556003314,-0.7495503771149385,0.5529016464786366,2.0216073877098316e-7,2,imaginary part of coherency,-0.7495503771149385
0.6450430408832233,-2.3187966104091116,0.15257143556003314,-0.7495503771149385,0.5529016464786366,2.0216073877098316e-7,2,imaginary part of coherency,-0.7495503771149385
0.654817808910118,-3.033146252567611,0.15257143556003314,-0.7495503771149385,0.5529016464786366,2.0216073877098316e-7,2,imaginary part of coherency,-0.7495503771149385
1.0470395184958061,2.6616918091190582,0.15257143556003314,-0.7495503771149385,0.5529016464786366,2.0216073877098316e-7,2,imaginary part of coherency,-0.7495503771149385
-2.9884300051335617,1.1600948941288518,0.15257143556003314,-0.7495503771149385,0.5529016464786366,2.0216073877098316e-7,2,imaginary part of coherency,-0.7495503771149385
0.1748211257501744,-1.3681026061649817,0.15257143556003314,-0.7495503771149385,0.5529016464786366,2.0216073877098316e-7,2,imaginary part of coherency,-0.7495503771149385
-2.4687423195640514,1.005123201175799,0.15257143556003314,-0.7495503771149385,0.5529016464786366,2.0216073877098316e-7,2,imaginary part of coherency,-0.7495503771149385
0.5912327782583673,-1.1929006433399858,0.15257143556003314,-0.7495503771149385,0.5529016464786366,2.0216073877098316e-7,2,imaginary part of coherency,-0.7495503771149385
-2.1640848326482836,0.35759148794366835,0.15257143556003314,-0.7495503771149385,0.5529016464786366,2.0216073877098316e-7,2,imaginary part of coherency,-0.7495503771149385
0.8289712559230789,2.9289220598744965,0.15257143556003314,-0.7495503771149385,0.5529016464786366,2.0216073877098316e-7,2,imaginary part of coherency,-0.7495503771149385
1.574431138405104,2.500194448231457,0.15257143556003314,-0.7495503771149385,0.5529016464786366,2.0216073877098316e-7,2,imaginary part of coherency,-0.7495503771149385
2.9882553956203743,1.3443893448581798,-0.21658637349100857,-0.4982008106007897,0.43045260295001275,3.2370824942307573e-6,3,imaginary part of coherency,-0.4982008106007897
-3.0451828338481066,-2.676371157761422,-0.21658637349100857,-0.4982008106007897,0.43045260295001275,3.2370824942307573e-6,3,imaginary part of coherency,-0.4982008106007897
-2.946579716621062,-2.5364026289046606,-0.21658637349100857,-0.4982008106007897,0.43045260295001275,3.2370824942307573e-6,3,imaginary part of coherency,-0.4982008106007897
0.9859201455657391,2.336203986741922,-0.21658637349100857,-0.4982008106007897,0.43045260295001275,3.2370824942307573e-6,3,imaginary part of coherency,-0.4982008106007897
3.045380007409748,2.475848322711891,-0.21658637349100857,-0.4982008106007897,0.43045260295001275,3.2370824942307573e-6,3,imaginary part of coherency,-0.4982008106007897
-1.9563311153749126,-0.101342826318354,-0.21658637349100857,-0.4982008106007897,0.43045260295001275,3.2370824942307573e-6,3,imaginary part of coherency,-0.4982008106007897
1.9545856258911263,-2.0365771415554317,-0.21658637349100857,-0.4982008106007897,0.43045260295001275,3.2370824942307573e-6,3,imaginary part of coherency,-0.4982008106007897
2.9905227518705777,1.7966110887718463,-0.21658637349100857,-0.4982008106007897,0.43045260295001275,3.2370824942307573e-6,3,imaginary part of coherency,-0.4982008106007897
-0.001085414994748568,0.44518414535229534,-0.21658637349100857,-0.4982008106007897,0.43045260295001275,3.2370824942307573e-6,3,imaginary part of coherency,-0.4982008106007897
-1.9525525486567277,-0.23439917843235225,-0.21658637349100857,-0.4982008106007897,0.43045260295001275,3.2370824942307573e-6,3,imaginary part of coherency,-0.4982008106007897
1.2286165915783052,2.590533002874868,-0.21658637349100857,-0.4982008106007897,0.43045260295001275,3.2370824942307573e-6,3,imaginary part of coherency,-0.4982008106007897
-0.8685754078121151,0.4719615163715658,-0.21658637349100857,-0.4982008106007897,0.43045260295001275,3.2370824942307573e-6,3,imaginary part of coherency,-0.4982008106007897
-1.8056452252627506,-0.31282541205692116,-0.21658637349100857,-0.4982008106007897,0.43045260295001275,3.2370824942307573e-6,3,imaginary part of coherency,-0.4982008106007897
-2.3124430650270154,-0.41844864743720755,-0.21658637349100857,-0.4982008106007897,0.43045260295001275,3.2370824942307573e-6,3,imaginary part of coherency,-0.4982008106007897
1.1906608747989216,2.703831233149499,-0.21658637349100857,-0.4982008106007897,0.43045260295001275,3.2370824942307573e-6,3,imaginary part of coherency,-0.4982008106007897
3.007409026543126,2.2000155050764416,-0.21658637349100857,-0.4982008106007897,0.43045260295001275,3.2370824942307573e-6,3,imaginary part of coherency,-0.4982008106007897
1.134906410138818,2.4226474795746604,-0.21658637349100857,-0.4982008106007897,0.43045260295001275,3.2370824942307573e-6,3,imaginary part of coherency,-0.4982008106007897
1.0399541220120314,-2.699346369582644,-0.21658637349100857,-0.4982008106007897,0.43045260295001275,3.2370824942307573e-6,3,imaginary part of coherency,-0.4982008106007897
-0.09169169973876468,-2.0233346139967185,-0.21658637349100857,-0.4982008106007897,0.43045260295001275,3.2370824942307573e-6,3,imaginary part of coherency,-0.4982008106007897
2.1703739291743975,-2.3015160573704296,-0.21658637349100857,-0.4982008106007897,0.43045260295001275,3.2370824942307573e-6,3,imaginary part of coherency,-0.4982008106007897
2.99645190325496,0.7481460619378959,-0.4012350366178586,-0.2499214372371756,0.21818811747225111,6.1721077026015486e-9,4,imaginary part of coherency,-0.2499214372371756
1.317352319046102,-2.828907946456654,-0.4012350366178586,-0.2499214372371756,0.21818811747225111,6.1721077026015486e-9,4,imaginary part of coherency,-0.2499214372371756
-2.0964715546610053,0.7469607047687266,-0.4012350366178586,-0.2499214372371756,0.21818811747225111,6.1721077026015486e-9,4,imaginary part of coherency,-0.2499214372371756
1.291443587820594,0.9563678237586295,-0.4012350366178586,-0.2499214372371756,0.21818811747225111,6.1721077026015486e-9,4,imaginary part of coherency,-0.2499214372371756
0.9596867738005068,-3.0143658647119316,-0.4012350366178586,-0.2499214372371756,0.21818811747225111,6.1721077026015486e-9,4,imaginary part of coherency,-0.2499214372371756
1.4998823135587456,1.1890024742913123,-0.4012350366178586,-0.2499214372371756,0.21818811747225111,6.1721077026015486e-9,4,imaginary part of coherency,-0.2499214372371756
2.768066931727038,-1.254495046251244,-0.4012350366178586,-0.2499214372371756,0.21818811747225111,6.1721077026015486e-9,4,imaginary part of coherency,-0.2499214372371756
-2.3431649708205637,0.2523225098796211,-0.4012350366178586,-0.2499214372371756,0.21818811747225111,6.1721077026015486e-9,4,imaginary part of coherency,-0.2499214372371756
-2.3712756819502303,2.907999619090857,-0.4012350366178586,-0.2499214372371756,0.21818811747225111,6.1721077026015486e-9,4,imaginary part of coherency,-0.2499214372371756
2.1663534148238375,-1.6930911784892069,-0.4012350366178586,-0.2499214372371756,0.21818811747225111,6.1721077026015486e-9,4,imaginary part of coherency,-0.2499214372371756
-1.753467149116441,0.22278648059116035,-0.4012350366178586,-0.2499214372371756,0.21818811747225111,6.1721077026015486e-9,4,imaginary part of coherency,-0.2499214372371756
-2.154397336462326,2.8599971573327903,-0.4012350366178586,-0.2499214372371756,0.21818811747225111,6.1721077026015486e-9,4,imaginary part of coherency,-0.2499214372371756
2.1761111939830773,1.6591342692819238,-0.4012350366178586,-0.2499214372371756,0.21818811747225111,6.1721077026015486e-9,4,imaginary part of coherency,-0.2499214372371756
-1.4416413489830833,1.7581942499734513,-0.4012350366178586,-0.2499214372371756,0.21818811747225111,6.1721077026015486e-9,4,imaginary part of coherency,-0.2499214372371756
2.175541719473607,1.7164510104914026,-0.4012350366178586,-0.2499214372371756,0.21818811747225111,6.1721077026015486e-9,4,imaginary part of coherency,-0.2499214372371756
-0.6098587946095684,-1.4801181440160387,-0.4012350366178586,-0.2499214372371756,0.21818811747225111,6.1721077026015486e-9,4,imaginary part of coherency,-0.2499214372371756
0.7778632707046373,-2.696591829427847,-0.4012350366178586,-0.2499214372371756,0.21818811747225111,6.1721077026015486e-9,4,imaginary part of coherency,-0.2499214372371756
0.9125579038139007,2.5101920508660216,-0.4012350366178586,-0.2499214372371756,0.21818811747225111,6.1721077026015486e-9,4,imaginary part of coherency,-0.2499214372371756
-0.849873411884631,1.2594534110498978,-0.4012350366178586,-0.2499214372371756,0.21818811747225111,6.1721077026015486e-9,4,imaginary part of coherency,-0.2499214372371756
-2.4380171690182038,0.36855379727642523,-0.4012350366178586,-0.2499214372371756,0.21818811747225111,6.1721077026015486e-9,4,imaginary part of coherency,-0.2499214372371756
1.8632399604060774,0.4272292821687462,-0.8354726698295587,0.0014866989576908273,0.4351870536067246,2.2102737907989925e-6,5,imaginary part of coherency,0.0014866989576908273
-2.301403816443716,-0.7979962009334218,-0.8354726698295587,0.0014866989576908273,0.4351870536067246,2.2102737907989925e-6,5,imaginary part of coherency,0.0014866989576908273
1.3164674862121197,-3.09704074159526,-0.8354726698295587,0.0014866989576908273,0.4351870536067246,2.2102737907989925e-6,5,imaginary part of coherency,0.0014866989576908273
-1.4025397021396848,2.895701532426184,-0.8354726698295587,0.0014866989576908273,0.4351870536067246,2.2102737907989925e-6,5,imaginary part of coherency,0.0014866989576908273
-2.046398332361736,0.47494313944813493,-0.8354726698295587,0.0014866989576908273,0.4351870536067246,2.2102737907989925e-6,5,imaginary part of coherency,0.0014866989576908273
-2.0965331259571256,0.6753497032316438,-0.8354726698295587,0.0014866989576908273,0.4351870536067246,2.2102737907989925e-6,5,imaginary part of coherency,0.0014866989576908273
1.211350089867774,2.561740773802958,-0.8354726698295587,0.0014866989576908273,0.4351870536067246,2.2102737907989925e-6,5,imaginary part of coherency,0.0014866989576908273
1.7351673532564895,0.10185971477454725,-0.8354726698295587,0.0014866989576908273,0.4351870536067246,2.2102737907989925e-6,5,imaginary part of coherency,0.0014866989576908273
2.34508568424313,0.19502993168805816,-0.8354726698295587,0.0014866989576908273,0.4351870536067246,2.2102737907989925e-6,5,imaginary part of coherency,0.0014866989576908273
-0.9654668392034313,2.5254620570716435,-0.8354726698295587,0.0014866989576908273,0.4351870536067246,2.2102737907989925e-6,5,imaginary part of coherency,0.0014866989576908273
-0.7495801385872305,3.0567439784561845,-0.8354726698295587,0.0014866989576908273,0.4351870536067246,2.2102737907989925e-6,5,imaginary part of coherency,0.0014866989576908273
-2.265405997538638,-0.6526835840568008,-0.8354726698295587,0.0014866989576908273,0.4351870536067246,2.2102737907989925e-6,5,imaginary part of coherency,0.0014866989576908273
1.406219053753734,-2.7589058900185934,-0.8354726698295587,0.0014866989576908273,0.4351870536067246,2.2102737907989925e-6,5,imaginary part of coherency,0.0014866989576908273
0.8129860963627347,-2.609811953211962,-0.8354726698295587,0.0014866989576908273,0.4351870536067246,2.2102737907989925e-6,5,imaginary part of coherency,0.0014866989576908273
-0.9902208277464144,2.590847793587165,-0.8354726698295587,0.0014866989576908273,0.4351870536067246,2.2102737907989925e-6,5,imaginary part of coherency,0.0014866989576908273
2.372654707529324,0.4591170956356003,-0.8354726698295587,0.0014866989576908273,0.4351870536067246,2.2102737907989925e-6,5,imaginary part of coherency,0.0014866989576908273
1.2071055735009155,-2.9561918696001017,-0.8354726698295587,0.0014866989576908273,0.4351870536067246,2.2102737907989925e-6,5,imaginary part of coherency,0.0014866989576908273
1.0898794886439473,2.9374731232606095,-0.8354726698295587,0.0014866989576908273,0.4351870536067246,2.2102737907989925e-6,5,imaginary part of coherency,0.0014866989576908273
1.7661157304720536,0.20540865520355167,-0.8354726698295587,0.0014866989576908273,0.4351870536067246,2.2102737907989925e-6,5,imaginary part of coherency,0.0014866989576908273
2.4343123523891492,-0.054187382424838226,-0.8354726698295587,0.0014866989576908273,0.4351870536067246,2.2102737907989925e-6,5,imaginary part of coherency,0.0014866989576908273
1.3375840884090762,1.7563200207728542,0.5168150369155933,0.24983444105537211,0.20242437417664422,2.7409764146299424e-8,6,imaginary part of coherency,0.24983444105537211
-0.9210836865126866,2.7291500411966236,0.5168150369155933,0.24983444105537211,0.20242437417664422,2.7409764146299424e-8,6,imaginary part of coherency,0.24983444105537211
1.959858073349726,0.34031106949344947,0.5168150369155933,0.24983444105537211,0.20242437417664422,2.7409764146299424e-8,6,imaginary part of coherency,0.24983444105537211
-1.5639989276787964,-1.2755880501166632,0.5168150369155933,0.24983444105537211,0.20242437417664422,2.7409764146299424e-8,6,imaginary part of coherency,0.24983444105537211
-2.3450688943323343,1.6452259633165829,0.5168150369155933,0.24983444105537211,0.20242437417664422,2.7409764146299424e-8,6,imaginary part of coherency,0.24983444105537211
-2.450006104519775,1.6798690849702256,0.5168150369155933,0.24983444105537211,0.20242437417664422,2.7409764146299424e-8,6,imaginary part of coherency,0.24983444105537211
-1.0825309000314491,2.6328390708295535,0.5168150369155933,0.24983444105537211,0.20242437417664422,2.7409764146299424e-8,6,imaginary part of coherency,0.24983444105537211
-2.7571798061431285,1.3161145528367424,0.5168150369155933,0.24983444105537211,0.20242437417664422,2.7409764146299424e-8,6,imaginary part of coherency,0.24983444105537211
-1.15035538827934,2.7477126151794815,0.5168150369155933,0.24983444105537211,0.20242437417664422,2.7409764146299424e-8,6,imaginary part of coherency,0.24983444105537211
0.4229372604631001,1.7661604738215075,0.5168150369155933,0.24983444105537211,0.20242437417664422,2.7409764146299424e-8,6,imaginary part of coherency,0.24983444105537211
-1.5921000830275691,1.2577758229087603,0.5168150369155933,0.24983444105537211,0.20242437417664422,2.7409764146299424e-8,6,imaginary part of coherency,0.24983444105537211
-0.8454886543390221,-3.018247795369925,0.5168150369155933,0.24983444105537211,0.20242437417664422,2.7409764146299424e-8,6,imaginary part of coherency,0.24983444105537211
-1.8422165694974604,-1.5011332782150166,0.5168150369155933,0.24983444105537211,0.20242437417664422,2.7409764146299424e-8,6,imaginary part of coherency,0.24983444105537211
0.4487197638021385,1.6201337130036393,0.5168150369155933,0.24983444105537211,0.20242437417664422,2.7409764146299424e-8,6,imaginary part of coherency,0.24983444105537211
-1.028396320171764,-2.70617573784753,0.5168150369155933,0.24983444105537211,0.20242437417664422,2.7409764146299424e-8,6,imaginary part of coherency,0.24983444105537211
2.3243151250773986,0.37590307638625653,0.5168150369155933,0.24983444105537211,0.20242437417664422,2.7409764146299424e-8,6,imaginary part of coherency,0.24983444105537211
-1.0563850853761791,-0.6041166334140775,0.5168150369155933,0.24983444105537211,0.20242437417664422,2.7409764146299424e-8,6,imaginary part of coherency,0.24983444105537211
-1.6256906760848853,-1.2145403484691357,0.5168150369155933,0.24983444105537211,0.20242437417664422,2.7409764146299424e-8,6,imaginary part of coherency,0.24983444105537211
-2.5150103632023564,-1.6935926814359603,0.5168150369155933,0.24983444105537211,0.20242437417664422,2.7409764146299424e-8,6,imaginary part of coherency,0.24983444105537211
2.186366274588347,0.14079504246151364,0.5168150369155933,0.24983444105537211,0.20242437417664422,2.7409764146299424e-8,6,imaginary part of coherency,0.24983444105537211
-1.9739432563512778,-2.2061794957742524,-0.3566016348488013,0.500181872096664,0.46220525393635065,3.30774595449528e-8,7,imaginary part of coherency,0.500181872096664
-0.044498029795837724,-2.4921015386035723,-0.3566016348488013,0.500181872096664,0.46220525393635065,3.30774595449528e-8,7,imaginary part of coherency,0.500181872096664
0.8402871467039223,-0.23364942121338306,-0.3566016348488013,0.500181872096664,0.46220525393635065,3.30774595449528e-8,7,imaginary part of coherency,0.500181872096664
-1.199496986309862,3.0642576632256002,-0.3566016348488013,0.500181872096664,0.46220525393635065,3.30774595449528e-8,7,imaginary part of coherency,0.500181872096664
2.034095141575884,0.6636843769125504,-0.3566016348488013,0.500181872096664,0.46220525393635065,3.30774595449528e-8,7,imaginary part of coherency,0.500181872096664
2.8316650189226458,2.4432536096741186,-0.3566016348488013,0.500181872096664,0.46220525393635065,3.30774595449528e-8,7,imaginary part of coherency,0.500181872096664
-0.7969746291465709,2.9705558335854283,-0.3566016348488013,0.500181872096664,0.46220525393635065,3.30774595449528e-8,7,imaginary part of coherency,0.500181872096664
0.08357670736247336,1.0122178228209817,-0.3566016348488013,0.500181872096664,0.46220525393635065,3.30774595449528e-8,7,imaginary part of coherency,0.500181872096664
-0.9633932420640732,2.778238080333346,-0.3566016348488013,0.500181872096664,0.46220525393635065,3.30774595449528e-8,7,imaginary part of coherency,0.500181872096664
0.10029094725765475,-1.1266739556811887,-0.3566016348488013,0.500181872096664,0.46220525393635065,3.30774595449528e-8,7,imaginary part of coherency,0.500181872096664
-0.2746525309403429,0.676971246981164,-0.3566016348488013,0.500181872096664,0.46220525393635065,3.30774595449528e-8,7,imaginary part of coherency,0.500181872096664
-3.013838465189339,1.9542821142772206,-0.3566016348488013,0.500181872096664,0.46220525393635065,3.30774595449528e-8,7,imaginary part of coherency,0.500181872096664
1.9527645664481197,-0.08167890762578267,-0.3566016348488013,0.500181872096664,0.46220525393635065,3.30774595449528e-8,7,imaginary part of coherency,0.500181872096664
2.163697491439682,-0.06806474767280335,-0.3566016348488013,0.500181872096664,0.46220525393635065,3.30774595449528e-8,7,imaginary part of coherency,0.500181872096664
3.0621179612069946,-0.007785866529735674,-0.3566016348488013,0.500181872096664,0.46220525393635065,3.30774595449528e-8,7,imaginary part of coherency,0.500181872096664
-2.2945077332627424,2.8291818588490623,-0.3566016348488013,0.500181872096664,0.46220525393635065,3.30774595449528e-8,7,imaginary part of coherency,0.500181872096664
-0.06851921195163602,-2.9010213199138293,-0.3566016348488013,0.500181872096664,0.46220525393635065,3.30774595449528e-8,7,imaginary part of coherency,0.500181872096664
-0.7331435137301159,2.6725787854853236,-0.3566016348488013,0.500181872096664,0.46220525393635065,3.30774595449528e-8,7,imaginary part of coherency,0.500181872096664
-3.02879467400404,-2.465190316431721,-0.3566016348488013,0.500181872096664,0.46220525393635065,3.30774595449528e-8,7,imaginary part of coherency,0.500181872096664
2.40675017263373,0.7751718393728622,-0.3566016348488013,0.500181872096664,0.46220525393635065,3.30774595449528e-8,7,imaginary part of coherency,0.500181872096664
-1.6677525493650254,-2.451007997132624,-0.6485013407785171,0.7485863064404088,0.5155054988966319,1.9985294804296386e-6,8,imaginary part of coherency,0.7485863064404088
2.3499953324068263,0.8944686481980817,-0.6485013407785171,0.7485863064404088,0.5155054988966319,1.9985294804296386e-6,8,imaginary part of coherency,0.7485863064404088
1.7496537400783625,-1.2198230173363553,-0.6485013407785171,0.7485863064404088,0.5155054988966319,1.9985294804296386e-6,8,imaginary part of coherency,0.7485863064404088
1.9610337635562285,0.08306172508853749,-0.6485013407785171,0.7485863064404088,0.5155054988966319,1.9985294804296386e-6,8,imaginary part of coherency,0.7485863064404088
-1.5826915331351297,-2.223496664189541,-0.6485013407785171,0.7485863064404088,0.5155054988966319,1.9985294804296386e-6,8,imaginary part of coherency,0.7485863064404088
-0.18228760800484434,-1.851369604655257,-0.6485013407785171,0.7485863064404088,0.5155054988966319,1.9985294804296386e-6,8,imaginary part of coherency,0.7485863064404088
-0.2758555294386307,1.4178771342395802,-0.6485013407785171,0.7485863064404088,0.5155054988966319,1.9985294804296386e-6,8,imaginary part of coherency,0.7485863064404088
2.4144059199149055,-0.4707784779275519,-0.6485013407785171,0.7485863064404088,0.5155054988966319,1.9985294804296386e-6,8,imaginary part of coherency,0.7485863064404088
-1.2407950598203903,1.7456329229037593,-0.6485013407785171,0.7485863064404088,0.5155054988966319,1.9985294804296386e-6,8,imaginary part of coherency,0.7485863064404088
-1.2585192471553646,-1.7819859105230396,-0.6485013407785171,0.7485863064404088,0.5155054988966319,1.9985294804296386e-6,8,imaginary part of coherency,0.7485863064404088
2.3882920290579612,0.6190957427483919,-0.6485013407785171,0.7485863064404088,0.5155054988966319,1.9985294804296386e-6,8,imaginary part of coherency,0.7485863064404088
-0.749917850299993,-2.473489939310042,-0.6485013407785171,0.7485863064404088,0.5155054988966319,1.9985294804296386e-6,8,imaginary part of coherency,0.7485863064404088
2.080447542922312,-0.011818688410097256,-0.6485013407785171,0.7485863064404088,0.5155054988966319,1.9985294804296386e-6,8,imaginary part of coherency,0.7485863064404088
3.0561423212118886,-1.2368271446893697,-0.6485013407785171,0.7485863064404088,0.5155054988966319,1.9985294804296386e-6,8,imaginary part of coherency,0.7485863064404088
-0.8335055866018664,2.3676874306337314,-0.6485013407785171,0.7485863064404088,0.5155054988966319,1.9985294804296386e-6,8,imaginary part of coherency,0.7485863064404088
2.9879335316991646,-1.0767859256444918,-0.6485013407785171,0.7485863064404088,0.5155054988966319,1.9985294804296386e-6,8,imaginary part of coherency,0.7485863064404088
-1.713835999074252,2.772994186109817,-0.6485013407785171,0.7485863064404088,0.5155054988966319,1.9985294804296386e-6,8,imaginary part of coherency,0.7485863064404088
-0.7643425619585615,-2.4869916710827935,-0.6485013407785171,0.7485863064404088,0.5155054988966319,1.9985294804296386e-6,8,imaginary part of coherency,0.7485863064404088
-0.9443965339749303,-2.9846858403969287,-0.6485013407785171,0.7485863064404088,0.5155054988966319,1.9985294804296386e-6,8,imaginary part of coherency,0.7485863064404088
-1.0797028906677935,3.0926843705120612,-0.6485013407785171,0.7485863064404088,0.5155054988966319,1.9985294804296386e-6,8,imaginary part of coherency,0.7485863064404088
2.3028050344900715,-0.9405750715728249,0.5689619480285997,0.9584876081377294,0.7341034021761724,0.0017232786781267125,9,imaginary part of coherency,0.9584876081377294
-0.9132013054255892,-2.139555892108025,0.5689619480285997,0.9584876081377294,0.7341034021761724,0.0017232786781267125,9,imaginary part of coherency,0.9584876081377294
2.2046650698123322,0.4163964703443659,0.5689619480285997,0.9584876081377294,0.7341034021761724,0.0017232786781267125,9,imaginary part of coherency,0.9584876081377294
-0.6681416030310521,-1.9201600503962977,0.5689619480285997,0.9584876081377294,0.7341034021761724,0.0017232786781267125,9,imaginary part of coherency,0.9584876081377294
2.22502327772198,4.0037873452414274e-4,0.5689619480285997,0.9584876081377294,0.7341034021761724,0.0017232786781267125,9,imaginary part of coherency,0.9584876081377294
-0.9224555642740446,-2.9029502637135094,0.5689619480285997,0.9584876081377294,0.7341034021761724,0.0017232786781267125,9,imaginary part of coherency,0.9584876081377294
2.0889493776521393,-0.8302200730156093,0.5689619480285997,0.9584876081377294,0.7341034021761724,0.0017232786781267125,9,imaginary part of coherency,0.9584876081377294
2.3495253611963527,0.4094781654377688,0.5689619480285997,0.9584876081377294,0.7341034021761724,0.0017232786781267125,9,imaginary part of coherency,0.9584876081377294
2.5281417280049796,0.29434468102600775,0.5689619480285997,0.9584876081377294,0.7341034021761724,0.0017232786781267125,9,imaginary part of coherency,0.9584876081377294
-1.004934313582158,2.1600350072710865,0.5689619480285997,0.9584876081377294,0.7341034021761724,0.0017232786781267125,9,imaginary part of coherency,0.9584876081377294
2.1230711562640376,0.7537301577607582,0.5689619480285997,0.9584876081377294,0.7341034021761724,0.0017232786781267125,9,imaginary part of coherency,0.9584876081377294
2.137493357555182,-0.8577478112906878,0.5689619480285997,0.9584876081377294,0.7341034021761724,0.0017232786781267125,9,imaginary part of coherency,0.9584876081377294
2.2977610085232865,-1.1154528985648335,0.5689619480285997,0.9584876081377294,0.7341034021761724,0.0017232786781267125,9,imaginary part of coherency,0.9584876081377294
2.1966202916521738,1.0214143168861591,0.5689619480285997,0.9584876081377294,0.7341034021761724,0.0017232786781267125,9,imaginary part of coherency,0.9584876081377294
-0.8476638862490193,-2.3515580829416587,0.5689619480285997,0.9584876081377294,0.7341034021761724,0.0017232786781267125,9,imaginary part of coherency,0.9584876081377294
-0.8751503863263617,2.7783083911020716,0.5689619480285997,0.9584876081377294,0.7341034021761724,0.0017232786781267125,9,imaginary part of coherency,0.9584876081377294
-0.8779646237792189,2.662429374378755,0.5689619480285997,0.9584876081377294,0.7341034021761724,0.0017232786781267125,9,imaginary part of coherency,0.9584876081377294
2.2083758375921336,0.7823458872293227,0.5689619480285997,0.9584876081377294,0.7341034021761724,0.0017232786781267125,9,imaginary part of coherency,0.9584876081377294
-0.9798435130210312,-2.3751258819150847,0.5689619480285997,0.9584876081377294,0.7341034021761724,0.0017232786781267125,9,imaginary part of coherency,0.9584876081377294
-0.8774370999085894,-2.0095053392547735,0.5689619480285997,0.9584876081377294,0.7341034021761724,0.0017232786781267125,9,imaginary part of coherency,0.9584876081377294
-1.2879731833328887,2.0661668701778275,-0.08603697975223204,-0.05140875545335644,0.007228440149161444,5.2250346990009116e-5,1,phase locking value,0.007228440149161444
-1.0546509115637361,-2.7622089995835077,-0.08603697975223204,-0.05140875545335644,0.007228440149161444,5.2250346990009116e-5,1,phase locking value,0.007228440149161444
0.2192358306580533,-2.774348614184326,-0.08603697975223204,-0.05140875545335644,0.007228440149161444,5.2250346990009116e-5,1,phase locking value,0.007228440149161444
0.7548127332315149,-3.0891010901911957,-0.08603697975223204,-0.05140875545335644,0.007228440149161444,5.2250346990009116e-5,1,phase locking value,0.007228440149161444
-0.08666880123488019,1.3024029362071587,-0.08603697975223204,-0.05140875545335644,0.007228440149161444,5.2250346990009116e-5,1,phase locking value,0.007228440149161444
-2.7161231360594504,-3.1187817464868086,-0.08603697975223204,-0.05140875545335644,0.007228440149161444,5.2250346990009116e-5,1,phase locking value,0.007228440149161444
-2.200119032863075,-1.7129346060076125,-0.08603697975223204,-0.05140875545335644,0.007228440149161444,5.2250346990009116e-5,1,phase locking value,0.007228440149161444
-2.2983475245654628,-0.05951884985042799,-0.08603697975223204,-0.05140875545335644,0.007228440149161444,5.2250346990009116e-5,1,phase locking value,0.007228440149161444
-1.5319575122023734,0.9475782301167737,-0.08603697975223204,-0.05140875545335644,0.007228440149161444,5.2250346990009116e-5,1,phase locking value,0.007228440149161444
-2.394329984974489,-1.945189270883796,-0.08603697975223204,-0.05140875545335644,0.007228440149161444,5.2250346990009116e-5,1,phase locking value,0.007228440149161444
-0.3767229702866999,2.455696348215551,-0.08603697975223204,-0.05140875545335644,0.007228440149161444,5.2250346990009116e-5,1,phase locking value,0.007228440149161444
0.47220750458367666,-1.5339946051468998,-0.08603697975223204,-0.05140875545335644,0.007228440149161444,5.2250346990009116e-5,1,phase locking value,0.007228440149161444
-1.1215654501371422,-3.0595072068814546,-0.08603697975223204,-0.05140875545335644,0.007228440149161444,5.2250346990009116e-5,1,phase locking value,0.007228440149161444
3.071175292264045,1.3262973096980097,-0.08603697975223204,-0.05140875545335644,0.007228440149161444,5.2250346990009116e-5,1,phase locking value,0.007228440149161444
-1.7732359912194935,0.18666126639098612,-0.08603697975223204,-0.05140875545335644,0.007228440149161444,5.2250346990009116e-5,1,phase locking value,0.007228440149161444
-1.5229211111142826,-2.172514053976329,-0.08603697975223204,-0.05140875545335644,0.007228440149161444,5.2250346990009116e-5,1,phase locking value,0.007228440149161444
2.293216670021919,1.2247035753740452,-0.08603697975223204,-0.05140875545335644,0.007228440149161444,5.2250346990009116e-5,1,phase locking value,0.007228440149161444
-2.350002701125191,-2.0022179679122205,-0.08603697975223204,-0.05140875545335644,0.007228440149161444,5.2250346990009116e-5,1,phase locking value,0.007228440149161444
-0.6690125571612162,-0.9087343348097616,-0.08603697975223204,-0.05140875545335644,0.007228440149161444,5.2250346990009116e-5,1,phase locking value,0.007228440149161444
1.2805272565401502,2.169499791734493,-0.08603697975223204,-0.05140875545335644,0.007228440149161444,5.2250346990009116e-5,1,phase locking value,0.007228440149161444
1.123351184497289,1.5867169394837477,0.0380850364847921,-0.0848346908104949,0.1250009471351465,8.970649857473956e-13,2,phase locking value,0.1250009471351465
-0.10015815379484527,2.936990828428237,0.0380850364847921,-0.0848346908104949,0.1250009471351465,8.970649857473956e-13,2,phase locking value,0.1250009471351465
2.3321910342149126,-3.034386808561748,0.0380850364847921,-0.0848346908104949,0.1250009471351465,8.970649857473956e-13,2,phase locking value,0.1250009471351465
1.0878350211293828,-1.0017821771630238,0.0380850364847921,-0.0848346908104949,0.1250009471351465,8.970649857473956e-13,2,phase locking value,0.1250009471351465
-3.1338876381535443,-2.6678943155240606,0.0380850364847921,-0.0848346908104949,0.1250009471351465,8.970649857473956e-13,2,phase locking value,0.1250009471351465
-0.004900440557304986,1.436280928945787,0.0380850364847921,-0.0848346908104949,0.1250009471351465,8.970649857473956e-13,2,phase locking value,0.1250009471351465
1.6093354757851444,-0.18390834714942095,0.0380850364847921,-0.0848346908104949,0.1250009471351465,8.970649857473956e-13,2,phase locking value,0.1250009471351465
-2.4821320839757703,1.7165647216507853,0.0380850364847921,-0.0848346908104949,0.1250009471351465,8.970649857473956e-13,2,phase locking value,0.1250009471351465
2.672311826342546,-2.133007382170587,0.0380850364847921,-0.0848346908104949,0.1250009471351465,8.970649857473956e-13,2,phase locking value,0.1250009471351465
0.9986249834360894,1.9724356402730168,0.0380850364847921,-0.0848346908104949,0.1250009471351465,8.970649857473956e-13,2,phase locking value,0.1250009471351465
-2.070278376570001,-1.102452450301124,0.0380850364847921,-0.0848346908104949,0.1250009471351465,8.970649857473956e-13,2,phase locking value,0.1250009471351465
0.3335138108174851,-2.352079093900999,0.0380850364847921,-0.0848346908104949,0.1250009471351465,8.970649857473956e-13,2,phase locking value,0.1250009471351465
-2.70789756755722,0.022289654762160716,0.0380850364847921,-0.0848346908104949,0.1250009471351465,8.970649857473956e-13,2,phase locking value,0.1250009471351465
2.255512838477424,2.909154560730241,0.0380850364847921,-0.0848346908104949,0.1250009471351465,8.970649857473956e-13,2,phase locking value,0.1250009471351465
2.6109120237200285,-2.2574537416324025,0.0380850364847921,-0.0848346908104949,0.1250009471351465,8.970649857473956e-13,2,phase locking value,0.1250009471351465
0.6479872205715536,-0.5751369591857527,0.0380850364847921,-0.0848346908104949,0.1250009471351465,8.970649857473956e-13,2,phase locking value,0.1250009471351465
-1.3115351277081617,2.4766624249196587,0.0380850364847921,-0.0848346908104949,0.1250009471351465,8.970649857473956e-13,2,phase locking value,0.1250009471351465
-0.9394651263677236,-0.05146198359818044,0.0380850364847921,-0.0848346908104949,0.1250009471351465,8.970649857473956e-13,2,phase locking value,0.1250009471351465
-2.732308653954095,1.419911343772573,0.0380850364847921,-0.0848346908104949,0.1250009471351465,8.970649857473956e-13,2,phase locking value,0.1250009471351465
1.8244624128227143,-1.0705508093325844,0.0380850364847921,-0.0848346908104949,0.1250009471351465,8.970649857473956e-13,2,phase locking value,0.1250009471351465
-1.8893681556760011,0.6291894181390583,0.16787999381362803,-0.10600549505790911,0.25000542698886763,2.9452208169374414e-11,3,phase locking value,0.25000542698886763
1.8359075143799908,-1.2051276526668595,0.16787999381362803,-0.10600549505790911,0.25000542698886763,2.9452208169374414e-11,3,phase locking value,0.25000542698886763
-1.4601482560071888,1.6516641487499912,0.16787999381362803,-0.10600549505790911,0.25000542698886763,2.9452208169374414e-11,3,phase locking value,0.25000542698886763
1.073940940579444,-2.9999038501052597,0.16787999381362803,-0.10600549505790911,0.25000542698886763,2.9452208169374414e-11,3,phase locking value,0.25000542698886763
-1.8234748802137315,3.0012710143445664,0.16787999381362803,-0.10600549505790911,0.25000542698886763,2.9452208169374414e-11,3,phase locking value,0.25000542698886763
-1.8044883233131406,0.40771034012074825,0.16787999381362803,-0.10600549505790911,0.25000542698886763,2.9452208169374414e-11,3,phase locking value,0.25000542698886763
2.761544334457537,1.5865831863466777,0.16787999381362803,-0.10600549505790911,0.25000542698886763,2.9452208169374414e-11,3,phase locking value,0.25000542698886763
2.58320718750811,-1.2985864945399015,0.16787999381362803,-0.10600549505790911,0.25000542698886763,2.9452208169374414e-11,3,phase locking value,0.25000542698886763
1.0166643330645524,1.3660618164264688,0.16787999381362803,-0.10600549505790911,0.25000542698886763,2.9452208169374414e-11,3,phase locking value,0.25000542698886763
2.2036715465538155,1.9311981418113966,0.16787999381362803,-0.10600549505790911,0.25000542698886763,2.9452208169374414e-11,3,phase locking value,0.25000542698886763
-3.0382425895590743,-0.6275112960328224,0.16787999381362803,-0.10600549505790911,0.25000542698886763,2.9452208169374414e-11,3,phase locking value,0.25000542698886763
-1.938537233159724,3.1235901051285317,0.16787999381362803,-0.10600549505790911,0.25000542698886763,2.9452208169374414e-11,3,phase locking value,0.25000542698886763
1.3408432592294792,-1.549650587658556,0.16787999381362803,-0.10600549505790911,0.25000542698886763,2.9452208169374414e-11,3,phase locking value,0.25000542698886763
0.23419335024735366,0.006611860141942927,0.16787999381362803,-0.10600549505790911,0.25000542698886763,2.9452208169374414e-11,3,phase locking value,0.25000542698886763
-2.1985656625589667,0.23752194238229096,0.16787999381362803,-0.10600549505790911,0.25000542698886763,2.9452208169374414e-11,3,phase locking value,0.25000542698886763
-1.8778877685346524,1.3379288952745227,0.16787999381362803,-0.10600549505790911,0.25000542698886763,2.9452208169374414e-11,3,phase locking value,0.25000542698886763
-2.683721345343381,-0.17878914913713295,0.16787999381362803,-0.10600549505790911,0.25000542698886763,2.9452208169374414e-11,3,phase locking value,0.25000542698886763
1.6015908152689473,0.006200020907185522,0.16787999381362803,-0.10600549505790911,0.25000542698886763,2.9452208169374414e-11,3,phase locking value,0.25000542698886763
2.7078419269309935,-1.5556154810574514,0.16787999381362803,-0.10600549505790911,0.25000542698886763,2.9452208169374414e-11,3,phase locking value,0.25000542698886763
1.928004493628845,2.1327787939061107,0.16787999381362803,-0.10600549505790911,0.25000542698886763,2.9452208169374414e-11,3,phase locking value,0.25000542698886763
-2.4147169202064585,2.2045278085977094,0.07232505374500305,-0.0051220088524653795,0.3749999963469659,1.334465811705522e-17,4,phase locking value,0.3749999963469659
0.3863744538183007,-2.478960506838281,0.07232505374500305,-0.0051220088524653795,0.3749999963469659,1.334465811705522e-17,4,phase locking value,0.3749999963469659
-2.355100841894646,2.062413585609889,0.07232505374500305,-0.0051220088524653795,0.3749999963469659,1.334465811705522e-17,4,phase locking value,0.3749999963469659
-2.058946632145932,2.6031579127530398,0.07232505374500305,-0.0051220088524653795,0.3749999963469659,1.334465811705522e-17,4,phase locking value,0.3749999963469659
2.6256901237214967,0.7508969740558564,0.07232505374500305,-0.0051220088524653795,0.3749999963469659,1.334465811705522e-17,4,phase locking value,0.3749999963469659
-1.9909911805457492,1.368503725136054,0.07232505374500305,-0.0051220088524653795,0.3749999963469659,1.334465811705522e-17,4,phase locking value,0.3749999963469659
1.5495877758079049,-0.5684483221771739,0.07232505374500305,-0.0051220088524653795,0.3749999963469659,1.334465811705522e-17,4,phase locking value,0.3749999963469659
-1.890780170057782,2.8927564179332013,0.07232505374500305,-0.0051220088524653795,0.3749999963469659,1.334465811705522e-17,4,phase locking value,0.3749999963469659
2.786429571621838,1.9362465550695012,0.07232505374500305,-0.0051220088524653795,0.3749999963469659,1.334465811705522e-17,4,phase locking value,0.3749999963469659
1.8559691258894926,2.5430547836621793,0.07232505374500305,-0.0051220088524653795,0.3749999963469659,1.334465811705522e-17,4,phase locking value,0.3749999963469659
-2.974027569328586,1.3021136178244577,0.07232505374500305,-0.0051220088524653795,0.3749999963469659,1.334465811705522e-17,4,phase locking value,0.3749999963469659
-0.7010538482896025,-2.180034648107833,0.07232505374500305,-0.0051220088524653795,0.3749999963469659,1.334465811705522e-17,4,phase locking value,0.3749999963469659
1.772357037853272,2.128605164697702,0.07232505374500305,-0.0051220088524653795,0.3749999963469659,1.334465811705522e-17,4,phase locking value,0.3749999963469659
1.1441262275069333,-0.28409853592436596,0.07232505374500305,-0.0051220088524653795,0.3749999963469659,1.334465811705522e-17,4,phase locking value,0.3749999963469659
-2.1752994880351237,-2.012285263964082,0.07232505374500305,-0.0051220088524653795,0.3749999963469659,1.334465811705522e-17,4,phase locking value,0.3749999963469659
0.2980097867438012,-2.6324434890034114,0.07232505374500305,-0.0051220088524653795,0.3749999963469659,1.334465811705522e-17,4,phase locking value,0.3749999963469659
2.263641886570621,2.999818240139261,0.07232505374500305,-0.0051220088524653795,0.3749999963469659,1.334465811705522e-17,4,phase locking value,0.3749999963469659
-0.03635210401676048,0.516508814322477,0.07232505374500305,-0.0051220088524653795,0.3749999963469659,1.334465811705522e-17,4,phase locking value,0.3749999963469659
-2.4649483234488847,-2.1187458107474635,0.07232505374500305,-0.0051220088524653795,0.3749999963469659,1.334465811705522e-17,4,phase locking value,0.3749999963469659
0.34886596426201244,-2.734512522485494,0.07232505374500305,-0.0051220088524653795,0.3749999963469659,1.334465811705522e-17,4,phase locking value,0.3749999963469659
-2.1155298676933842,0.9409743926175782,0.3419403896184904,-0.022222256184313602,0.4999911698300741,7.797190092065546e-11,5,phase locking value,0.4999911698300741
1.8179144822008357,2.240958708308055,0.3419403896184904,-0.022222256184313602,0.4999911698300741,7.797190092065546e-11,5,phase locking value,0.4999911698300741
-1.4653980926039554,1.7463089066269086,0.3419403896184904,-0.022222256184313602,0.4999911698300741,7.797190092065546e-11,5,phase locking value,0.4999911698300741
0.38343746144649415,-2.9220057211297976,0.3419403896184904,-0.022222256184313602,0.4999911698300741,7.797190092065546e-11,5,phase locking value,0.4999911698300741
3.0974764073767744,-0.38848732006766085,0.3419403896184904,-0.022222256184313602,0.4999911698300741,7.797190092065546e-11,5,phase locking value,0.4999911698300741
-1.0725304286145305,-2.6729221806348242,0.3419403896184904,-0.022222256184313602,0.4999911698300741,7.797190092065546e-11,5,phase locking value,0.4999911698300741
1.8358464068289013,2.8975385801008793,0.3419403896184904,-0.022222256184313602,0.4999911698300741,7.797190092065546e-11,5,phase locking value,0.4999911698300741
-0.7436967736128928,-2.945822388801033,0.3419403896184904,-0.022222256184313602,0.4999911698300741,7.797190092065546e-11,5,phase locking value,0.4999911698300741
-1.4987901281791267,1.2605401587630158,0.3419403896184904,-0.022222256184313602,0.4999911698300741,7.797190092065546e-11,5,phase locking value,0.4999911698300741
-0.673558245935971,1.4603886865935163,0.3419403896184904,-0.022222256184313602,0.4999911698300741,7.797190092065546e-11,5,phase locking value,0.4999911698300741
-0.42980818145310984,2.6704452160193055,0.3419403896184904,-0.022222256184313602,0.4999911698300741,7.797190092065546e-11,5,phase locking value,0.4999911698300741
-3.0414528389359896,-0.20949497599807199,0.3419403896184904,-0.022222256184313602,0.4999911698300741,7.797190092065546e-11,5,phase locking value,0.4999911698300741
0.19725483844435487,1.1664221713539167,0.3419403896184904,-0.022222256184313602,0.4999911698300741,7.797190092065546e-11,5,phase locking value,0.4999911698300741
0.7152479001916947,-2.647954181806025,0.3419403896184904,-0.022222256184313602,0.4999911698300741,7.797190092065546e-11,5,phase locking value,0.4999911698300741
2.9609355789660663,-2.076142076999517,0.3419403896184904,-0.022222256184313602,0.4999911698300741,7.797190092065546e-11,5,phase locking value,0.4999911698300741
0.13126665470877485,2.5946922150256055,0.3419403896184904,-0.022222256184313602,0.4999911698300741,7.797190092065546e-11,5,phase locking value,0.4999911698300741
1.3083214770467126,2.595330989427409,0.3419403896184904,-0.022222256184313602,0.4999911698300741,7.797190092065546e-11,5,phase locking value,0.4999911698300741
2.772911690696409,-0.2958225091663391,0.3419403896184904,-0.022222256184313602,0.4999911698300741,7.797190092065546e-11,5,phase locking value,0.4999911698300741
1.9460992425020516,-1.379838060388041,0.3419403896184904,-0.022222256184313602,0.4999911698300741,7.797190092065546e-11,5,phase locking value,0.4999911698300741
-0.13603271014840024,0.31755327802008715,0.3419403896184904,-0.022222256184313602,0.4999911698300741,7.797190092065546e-11,5,phase locking value,0.4999911698300741
-2.474571762840906,-2.014678707660619,-0.4815710969391779,0.061450701602708664,0.6250009375162842,8.789367830665278e-13,6,phase locking value,0.6250009375162842
0.03373186559331298,-0.08188951077539208,-0.4815710969391779,0.061450701602708664,0.6250009375162842,8.789367830665278e-13,6,phase locking value,0.6250009375162842
1.5051355338850296,-0.1657807031002836,-0.4815710969391779,0.061450701602708664,0.6250009375162842,8.789367830665278e-13,6,phase locking value,0.6250009375162842
-3.0385291869141478,-3.0881770716335426,-0.4815710969391779,0.061450701602708664,0.6250009375162842,8.789367830665278e-13,6,phase locking value,0.6250009375162842
0.7272812835332689,0.19521686921189918,-0.4815710969391779,0.061450701602708664,0.6250009375162842,8.789367830665278e-13,6,phase locking value,0.6250009375162842
-0.8886716114825193,0.27918902966372405,-0.4815710969391779,0.061450701602708664,0.6250009375162842,8.789367830665278e-13,6,phase locking value,0.6250009375162842
-1.0154529739894422,-0.23338607547826173,-0.4815710969391779,0.061450701602708664,0.6250009375162842,8.789367830665278e-13,6,phase locking value,0.6250009375162842
-2.2731638711309268,2.7357757624873678,-0.4815710969391779,0.061450701602708664,0.6250009375162842,8.789367830665278e-13,6,phase locking value,0.6250009375162842
2.670041242895061,2.9499422265116673,-0.4815710969391779,0.061450701602708664,0.6250009375162842,8.789367830665278e-13,6,phase locking value,0.6250009375162842
-0.761351165126305,-2.4677645768028555,-0.4815710969391779,0.061450701602708664,0.6250009375162842,8.789367830665278e-13,6,phase locking value,0.6250009375162842
-2.544021096644422,-2.88138290719797,-0.4815710969391779,0.061450701602708664,0.6250009375162842,8.789367830665278e-13,6,phase locking value,0.6250009375162842
2.7458214687942153,-2.783475318279614,-0.4815710969391779,0.061450701602708664,0.6250009375162842,8.789367830665278e-13,6,phase locking value,0.6250009375162842
0.7396396482744803,1.1051245535592358,-0.4815710969391779,0.061450701602708664,0.6250009375162842,8.789367830665278e-13,6,phase locking value,0.6250009375162842
-2.7565213686594214,2.988607179142142,-0.4815710969391779,0.061450701602708664,0.6250009375162842,8.789367830665278e-13,6,phase locking value,0.6250009375162842
0.006102908016329511,-1.0261386381988191,-0.4815710969391779,0.061450701602708664,0.6250009375162842,8.789367830665278e-13,6,phase locking value,0.6250009375162842
2.9401050474736747,-2.2799624830061145,-0.4815710969391779,0.061450701602708664,0.6250009375162842,8.789367830665278e-13,6,phase locking value,0.6250009375162842
1.8784625943984574,0.23087083507411732,-0.4815710969391779,0.061450701602708664,0.6250009375162842,8.789367830665278e-13,6,phase locking value,0.6250009375162842
0.8159831254295962,0.19412790810372638,-0.4815710969391779,0.061450701602708664,0.6250009375162842,8.789367830665278e-13,6,phase locking value,0.6250009375162842
1.2593562235502196,2.041971132636811,-0.4815710969391779,0.061450701602708664,0.6250009375162842,8.789367830665278e-13,6,phase locking value,0.6250009375162842
-1.8958129827574894,-1.052100433851816,-0.4815710969391779,0.061450701602708664,0.6250009375162842,8.789367830665278e-13,6,phase locking value,0.6250009375162842
-0.6162939298587817,2.955502470918165,0.6008102032972522,0.2356153624335021,0.7499985812481164,2.0128569073369036e-12,7,phase locking value,0.7499985812481164
0.9713348742592167,-2.529185907727828,0.6008102032972522,0.2356153624335021,0.7499985812481164,2.0128569073369036e-12,7,phase locking value,0.7499985812481164
-0.7656526343569072,1.7222696983945376,0.6008102032972522,0.2356153624335021,0.7499985812481164,2.0128569073369036e-12,7,phase locking value,0.7499985812481164
1.4231955275662962,-0.4777728926101412,0.6008102032972522,0.2356153624335021,0.7499985812481164,2.0128569073369036e-12,7,phase locking value,0.7499985812481164
-1.591123005894099,1.6443760283933813,0.6008102032972522,0.2356153624335021,0.7499985812481164,2.0128569073369036e-12,7,phase locking value,0.7499985812481164
1.0940301397980852,-1.6949594214290242,0.6008102032972522,0.2356153624335021,0.7499985812481164,2.0128569073369036e-12,7,phase locking value,0.7499985812481164
-0.3806618523455194,2.308443073954189,0.6008102032972522,0.2356153624335021,0.7499985812481164,2.0128569073369036e-12,7,phase locking value,0.7499985812481164
0.12076766323506671,2.205149510745528,0.6008102032972522,0.2356153624335021,0.7499985812481164,2.0128569073369036e-12,7,phase locking value,0.7499985812481164
1.9702180393296072,-1.8191436113418549,0.6008102032972522,0.2356153624335021,0.7499985812481164,2.0128569073369036e-12,7,phase locking value,0.7499985812481164
-1.0483352352790396,-2.719136178227608,0.6008102032972522,0.2356153624335021,0.7499985812481164,2.0128569073369036e-12,7,phase locking value,0.7499985812481164
-2.707908343411792,0.8116580505528672,0.6008102032972522,0.2356153624335021,0.7499985812481164,2.0128569073369036e-12,7,phase locking value,0.7499985812481164
-1.0768821051936133,2.5730021357753143,0.6008102032972522,0.2356153624335021,0.7499985812481164,2.0128569073369036e-12,7,phase locking value,0.7499985812481164
0.29698194635298014,-2.1428300636904134,0.6008102032972522,0.2356153624335021,0.7499985812481164,2.0128569073369036e-12,7,phase locking value,0.7499985812481164
-1.3116497327104915,1.414899936490201,0.6008102032972522,0.2356153624335021,0.7499985812481164,2.0128569073369036e-12,7,phase locking value,0.7499985812481164
-1.3098101249291576,2.425664628153866,0.6008102032972522,0.2356153624335021,0.7499985812481164,2.0128569073369036e-12,7,phase locking value,0.7499985812481164
0.5056516507637494,2.5143395040812386,0.6008102032972522,0.2356153624335021,0.7499985812481164,2.0128569073369036e-12,7,phase locking value,0.7499985812481164
2.3926770396883974,0.012285887390810046,0.6008102032972522,0.2356153624335021,0.7499985812481164,2.0128569073369036e-12,7,phase locking value,0.7499985812481164
2.0564772469089823,-1.2004755336760018,0.6008102032972522,0.2356153624335021,0.7499985812481164,2.0128569073369036e-12,7,phase locking value,0.7499985812481164
-0.15320493995498508,-1.9168114938183325,0.6008102032972522,0.2356153624335021,0.7499985812481164,2.0128569073369036e-12,7,phase locking value,0.7499985812481164
-2.973491838487532,0.4606158493561372,0.6008102032972522,0.2356153624335021,0.7499985812481164,2.0128569073369036e-12,7,phase locking value,0.7499985812481164
2.882138586309324,-0.5497121919821462,0.759338304924732,-0.024933992750207183,0.8750303003929862,9.181138151204469e-10,8,phase locking value,0.8750303003929862
0.03175711051398,-1.8574635362062524,0.759338304924732,-0.024933992750207183,0.8750303003929862,9.181138151204469e-10,8,phase locking value,0.8750303003929862
-2.1511386908295123,1.859741729753587,0.759338304924732,-0.024933992750207183,0.8750303003929862,9.181138151204469e-10,8,phase locking value,0.8750303003929862
0.02930699190813435,3.1126813620041656,0.759338304924732,-0.024933992750207183,0.8750303003929862,9.181138151204469e-10,8,phase locking value,0.8750303003929862
1.0951450867201,-2.660595375425337,0.759338304924732,-0.024933992750207183,0.8750303003929862,9.181138151204469e-10,8,phase locking value,0.8750303003929862
-0.6059761544363065,2.93458982144523,0.759338304924732,-0.024933992750207183,0.8750303003929862,9.181138151204469e-10,8,phase locking value,0.8750303003929862
-2.4598383374317416,1.2370575498980996,0.759338304924732,-0.024933992750207183,0.8750303003929862,9.181138151204469e-10,8,phase locking value,0.8750303003929862
-2.869578428111177,0.41437985971586766,0.759338304924732,-0.024933992750207183,0.8750303003929862,9.181138151204469e-10,8,phase locking value,0.8750303003929862
-0.3269517059823359,2.705960921493852,0.759338304924732,-0.024933992750207183,0.8750303003929862,9.181138151204469e-10,8,phase locking value,0.8750303003929862
1.1371668672673598,-1.661323754402768,0.759338304924732,-0.024933992750207183,0.8750303003929862,9.181138151204469e-10,8,phase locking value,0.8750303003929862
0.7987522238305242,-1.3914261329292041,0.759338304924732,-0.024933992750207183,0.8750303003929862,9.181138151204469e-10,8,phase locking value,0.8750303003929862
3.0515412127115367,0.06300486367403924,0.759338304924732,-0.024933992750207183,0.8750303003929862,9.181138151204469e-10,8,phase locking value,0.8750303003929862
-1.6390111128088274,1.0838089945034994,0.759338304924732,-0.024933992750207183,0.8750303003929862,9.181138151204469e-10,8,phase locking value,0.8750303003929862
2.361061460646914,0.2596268861819273,0.759338304924732,-0.024933992750207183,0.8750303003929862,9.181138151204469e-10,8,phase locking value,0.8750303003929862
1.0647212051347417,-1.216686254723316,0.759338304924732,-0.024933992750207183,0.8750303003929862,9.181138151204469e-10,8,phase locking value,0.8750303003929862
0.6641422483275901,-2.4010606150465335,0.759338304924732,-0.024933992750207183,0.8750303003929862,9.181138151204469e-10,8,phase locking value,0.8750303003929862
2.4466398788172485,-0.38134367896347765,0.759338304924732,-0.024933992750207183,0.8750303003929862,9.181138151204469e-10,8,phase locking value,0.8750303003929862
-0.7421053001444919,2.4323267761047838,0.759338304924732,-0.024933992750207183,0.8750303003929862,9.181138151204469e-10,8,phase locking value,0.8750303003929862
0.36575166693359185,-2.7548131411620327,0.759338304924732,-0.024933992750207183,0.8750303003929862,9.181138151204469e-10,8,phase locking value,0.8750303003929862
-2.1846425752693523,1.888839768683705,0.759338304924732,-0.024933992750207183,0.8750303003929862,9.181138151204469e-10,8,phase locking value,0.8750303003929862
3.1187260809909745,-2.994976796142257,0.952785669741157,-0.1845258611253849,0.9150891308330515,0.0072098557026866374,9,phase locking value,0.9150891308330515
-0.5569311280169509,0.5879446753071096,0.952785669741157,-0.1845258611253849,0.9150891308330515,0.0072098557026866374,9,phase locking value,0.9150891308330515
-1.4996567637751208,-0.8793921626476573,0.952785669741157,-0.1845258611253849,0.9150891308330515,0.0072098557026866374,9,phase locking value,0.9150891308330515
-2.137659439718885,-2.037691694952483,0.952785669741157,-0.1845258611253849,0.9150891308330515,0.0072098557026866374,9,phase locking value,0.9150891308330515
2.4189267581002474,-2.786977536846789,0.952785669741157,-0.1845258611253849,0.9150891308330515,0.0072098557026866374,9,phase locking value,0.9150891308330515
-1.7815001017614405,-0.8914617532116931,0.952785669741157,-0.1845258611253849,0.9150891308330515,0.0072098557026866374,9,phase locking value,0.9150891308330515
0.2561324913006402,0.47483266280062475,0.952785669741157,-0.1845258611253849,0.9150891308330515,0.0072098557026866374,9,phase locking value,0.9150891308330515
-0.4900676218778224,-0.19975978575689357,0.952785669741157,-0.1845258611253849,0.9150891308330515,0.0072098557026866374,9,phase locking value,0.9150891308330515
-0.958752599665547,-0.012288368499872249,0.952785669741157,-0.1845258611253849,0.9150891308330515,0.0072098557026866374,9,phase locking value,0.9150891308330515
-2.977612728036265,-2.222832847556057,0.952785669741157,-0.1845258611253849,0.9150891308330515,0.0072098557026866374,9,phase locking value,0.9150891308330515
-0.7453728900584418,-0.41418169868452237,0.952785669741157,-0.1845258611253849,0.9150891308330515,0.0072098557026866374,9,phase locking value,0.9150891308330515
0.7303343569917478,1.385795451943026,0.952785669741157,-0.1845258611253849,0.9150891308330515,0.0072098557026866374,9,phase locking value,0.9150891308330515
1.4567502440206361,1.7259066853639293,0.952785669741157,-0.1845258611253849,0.9150891308330515,0.0072098557026866374,9,phase locking value,0.9150891308330515
2.746722680459013,-2.714133558694139,0.952785669741157,-0.1845258611253849,0.9150891308330515,0.0072098557026866374,9,phase locking value,0.9150891308330515
-0.841172399395393,-0.05197597401365872,0.952785669741157,-0.1845258611253849,0.9150891308330515,0.0072098557026866374,9,phase locking value,0.9150891308330515
-1.1838203064332204,0.3025706591453008,0.952785669741157,-0.1845258611253849,0.9150891308330515,0.0072098557026866374,9,phase locking value,0.9150891308330515
2.5842914570380024,-2.3118360988530093,0.952785669741157,-0.1845258611253849,0.9150891308330515,0.0072098557026866374,9,phase locking value,0.9150891308330515
0.21535923965104908,1.211788295275074,0.952785669741157,-0.1845258611253849,0.9150891308330515,0.0072098557026866374,9,phase locking value,0.9150891308330515
2.46847334598308,-2.783691912078758,0.952785669741157,-0.1845258611253849,0.9150891308330515,0.0072098557026866374,9,phase locking value,0.9150891308330515
-2.024836436919386,-1.9338195432547174,0.952785669741157,-0.1845258611253849,0.9150891308330515,0.0072098557026866374,9,phase locking value,0.9150891308330515
