phi,psi,ccorr,imagcoh,plv,error,target
2.223187824627991,-1.2357877282277876,0.8760887864759884,0.5230373253055339,0.07629773461962412,0.6771716228381016,"pos CCorr, pos ImagCoh, low PLV"
2.277483929661562,0.233138772102798,0.8760887864759884,0.5230373253055339,0.07629773461962412,0.6771716228381016,"pos CCorr, pos ImagCoh, low PLV"
-0.5955710164719736,2.0709005731841303,0.8760887864759884,0.5230373253055339,0.07629773461962412,0.6771716228381016,"pos CCorr, pos ImagCoh, low PLV"
2.3089969479052623,-1.4115022185501824,0.8760887864759884,0.5230373253055339,0.07629773461962412,0.6771716228381016,"pos CCorr, pos ImagCoh, low PLV"
3.0277951103567737,-2.798888481259719,0.8760887864759884,0.5230373253055339,0.07629773461962412,0.6771716228381016,"pos CCorr, pos ImagCoh, low PLV"
-2.2572916503092197,-2.5979311712439905,0.8760887864759884,0.5230373253055339,0.07629773461962412,0.6771716228381016,"pos CCorr, pos ImagCoh, low PLV"
-1.9737731570145292,-3.1290906156640172,0.8760887864759884,0.5230373253055339,0.07629773461962412,0.6771716228381016,"pos CCorr, pos ImagCoh, low PLV"
3.009677396595558,-3.0765764911428013,0.8760887864759884,0.5230373253055339,0.07629773461962412,0.6771716228381016,"pos CCorr, pos ImagCoh, low PLV"
-0.809020655026186,1.5759993090514204,0.8760887864759884,0.5230373253055339,0.07629773461962412,0.6771716228381016,"pos CCorr, pos ImagCoh, low PLV"
2.1744168349490796,0.9238843202903251,0.8760887864759884,0.5230373253055339,0.07629773461962412,0.6771716228381016,"pos CCorr, pos ImagCoh, low PLV"
2.833485180133952,-2.2288483154958705,0.8760887864759884,0.5230373253055339,0.07629773461962412,0.6771716228381016,"pos CCorr, pos ImagCoh, low PLV"
2.0223546812471582,-0.21461673265408088,0.8760887864759884,0.5230373253055339,0.07629773461962412,0.6771716228381016,"pos CCorr, pos ImagCoh, low PLV"
2.4529414847558586,-0.2324535632182405,0.8760887864759884,0.5230373253055339,0.07629773461962412,0.6771716228381016,"pos CCorr, pos ImagCoh, low PLV"
0.39719870318316275,0.7849950680240507,0.8760887864759884,0.5230373253055339,0.07629773461962412,0.6771716228381016,"pos CCorr, pos ImagCoh, low PLV"
-2.7779011278750665,-3.0609117179564067,0.8760887864759884,0.5230373253055339,0.07629773461962412,0.6771716228381016,"pos CCorr, pos ImagCoh, low PLV"
0.40756531519987815,0.03487896306595539,0.8760887864759884,0.5230373253055339,0.07629773461962412,0.6771716228381016,"pos CCorr, pos ImagCoh, low PLV"
1.8415352256424686,0.9051847147709822,0.8760887864759884,0.5230373253055339,0.07629773461962412,0.6771716228381016,"pos CCorr, pos ImagCoh, low PLV"
-1.8022206174255166,2.5491847468854667,0.8760887864759884,0.5230373253055339,0.07629773461962412,0.6771716228381016,"pos CCorr, pos ImagCoh, low PLV"
-0.7637949814810656,1.4582871681996972,0.8760887864759884,0.5230373253055339,0.07629773461962412,0.6771716228381016,"pos CCorr, pos ImagCoh, low PLV"
2.492101504956456,-1.0847735095594233,0.8760887864759884,0.5230373253055339,0.07629773461962412,0.6771716228381016,"pos CCorr, pos ImagCoh, low PLV"
2.8043031550769033,1.5587261496007105,0.9891333878733582,0.8054998529079622,0.916747366759856,0.2886193924588236,"pos CCorr, pos ImagCoh, high PLV"
-1.5107757852812829,-2.707682324031463,0.9891333878733582,0.8054998529079622,0.916747366759856,0.2886193924588236,"pos CCorr, pos ImagCoh, high PLV"
2.596659538481096,0.0797500896370571,0.9891333878733582,0.8054998529079622,0.916747366759856,0.2886193924588236,"pos CCorr, pos ImagCoh, high PLV"
-1.5791452090507827,-2.6376668906704857,0.9891333878733582,0.8054998529079622,0.916747366759856,0.2886193924588236,"pos CCorr, pos ImagCoh, high PLV"
-1.294474612177782,-2.576601126373433,0.9891333878733582,0.8054998529079622,0.916747366759856,0.2886193924588236,"pos CCorr, pos ImagCoh, high PLV"
2.25417485067629,0.9401406492716777,0.9891333878733582,0.8054998529079622,0.916747366759856,0.2886193924588236,"pos CCorr, pos ImagCoh, high PLV"
1.7091858023577506,0.08221902868399278,0.9891333878733582,0.8054998529079622,0.916747366759856,0.2886193924588236,"pos CCorr, pos ImagCoh, high PLV"
2.783989342342208,0.681832231174953,0.9891333878733582,0.8054998529079622,0.916747366759856,0.2886193924588236,"pos CCorr, pos ImagCoh, high PLV"
-1.0438793360272358,-2.083185350220118,0.9891333878733582,0.8054998529079622,0.916747366759856,0.2886193924588236,"pos CCorr, pos ImagCoh, high PLV"
2.336432513563838,1.0540655556155967,0.9891333878733582,0.8054998529079622,0.916747366759856,0.2886193924588236,"pos CCorr, pos ImagCoh, high PLV"
-0.8999542589129295,-1.8538315685087907,0.9891333878733582,0.8054998529079622,0.916747366759856,0.2886193924588236,"pos CCorr, pos ImagCoh, high PLV"
-1.249324375466337,-3.1304040483851905,0.9891333878733582,0.8054998529079622,0.916747366759856,0.2886193924588236,"pos CCorr, pos ImagCoh, high PLV"
-1.8563535880753146,-2.7911918220115393,0.9891333878733582,0.8054998529079622,0.916747366759856,0.2886193924588236,"pos CCorr, pos ImagCoh, high PLV"
-1.2942745581304422,3.0991908844601976,0.9891333878733582,0.8054998529079622,0.916747366759856,0.2886193924588236,"pos CCorr, pos ImagCoh, high PLV"
2.5836044238945997,0.5863825582158055,0.9891333878733582,0.8054998529079622,0.916747366759856,0.2886193924588236,"pos CCorr, pos ImagCoh, high PLV"
2.0079648718881247,0.40643305317947753,0.9891333878733582,0.8054998529079622,0.916747366759856,0.2886193924588236,"pos CCorr, pos ImagCoh, high PLV"
2.3180939708556396,1.1463848662283018,0.9891333878733582,0.8054998529079622,0.916747366759856,0.2886193924588236,"pos CCorr, pos ImagCoh, high PLV"
2.5057065904285905,1.3288728735291526,0.9891333878733582,0.8054998529079622,0.916747366759856,0.2886193924588236,"pos CCorr, pos ImagCoh, high PLV"
-0.5164149374064126,-2.0753669717989887,0.9891333878733582,0.8054998529079622,0.916747366759856,0.2886193924588236,"pos CCorr, pos ImagCoh, high PLV"
-0.6408347990330587,-2.0227386240970615,0.9891333878733582,0.8054998529079622,0.916747366759856,0.2886193924588236,"pos CCorr, pos ImagCoh, high PLV"
-1.9871060139129644,-0.9705870188337506,0.9602280672191368,-0.025887222497090343,0.04387941135942495,0.10953856663737851,"pos CCorr, no ImagCoh, low PLV"
0.9879973151510466,2.454824826473172,0.9602280672191368,-0.025887222497090343,0.04387941135942495,0.10953856663737851,"pos CCorr, no ImagCoh, low PLV"
-0.5589488987394864,-2.437327751318332,0.9602280672191368,-0.025887222497090343,0.04387941135942495,0.10953856663737851,"pos CCorr, no ImagCoh, low PLV"
2.8429770739322855,0.1711035173654345,0.9602280672191368,-0.025887222497090343,0.04387941135942495,0.10953856663737851,"pos CCorr, no ImagCoh, low PLV"
-1.573190333714894,-0.5604966382719074,0.9602280672191368,-0.025887222497090343,0.04387941135942495,0.10953856663737851,"pos CCorr, no ImagCoh, low PLV"
-0.5134379356880556,-3.0192340113526366,0.9602280672191368,-0.025887222497090343,0.04387941135942495,0.10953856663737851,"pos CCorr, no ImagCoh, low PLV"
-1.9947855087433202,0.25333586299270294,0.9602280672191368,-0.025887222497090343,0.04387941135942495,0.10953856663737851,"pos CCorr, no ImagCoh, low PLV"
-2.1498554088499526,-0.838375518002628,0.9602280672191368,-0.025887222497090343,0.04387941135942495,0.10953856663737851,"pos CCorr, no ImagCoh, low PLV"
-0.42431181682746155,-2.410259271304632,0.9602280672191368,-0.025887222497090343,0.04387941135942495,0.10953856663737851,"pos CCorr, no ImagCoh, low PLV"
-1.577262123344133,-1.130673425955179,0.9602280672191368,-0.025887222497090343,0.04387941135942495,0.10953856663737851,"pos CCorr, no ImagCoh, low PLV"
1.1457350965342146,2.1877274423264472,0.9602280672191368,-0.025887222497090343,0.04387941135942495,0.10953856663737851,"pos CCorr, no ImagCoh, low PLV"
1.8228107636820408,1.4519554407778346,0.9602280672191368,-0.025887222497090343,0.04387941135942495,0.10953856663737851,"pos CCorr, no ImagCoh, low PLV"
-2.30716497801922,-0.2038367789857407,0.9602280672191368,-0.025887222497090343,0.04387941135942495,0.10953856663737851,"pos CCorr, no ImagCoh, low PLV"
2.5973395949681786,0.9145661933643643,0.9602280672191368,-0.025887222497090343,0.04387941135942495,0.10953856663737851,"pos CCorr, no ImagCoh, low PLV"
-0.2984878303362355,2.3455214509659923,0.9602280672191368,-0.025887222497090343,0.04387941135942495,0.10953856663737851,"pos CCorr, no ImagCoh, low PLV"
-0.5410019660348446,2.983797636999692,0.9602280672191368,-0.025887222497090343,0.04387941135942495,0.10953856663737851,"pos CCorr, no ImagCoh, low PLV"
2.0702527564856785,1.0550785137407974,0.9602280672191368,-0.025887222497090343,0.04387941135942495,0.10953856663737851,"pos CCorr, no ImagCoh, low PLV"
0.1261920303474442,3.1131976945514888,0.9602280672191368,-0.025887222497090343,0.04387941135942495,0.10953856663737851,"pos CCorr, no ImagCoh, low PLV"
-1.2486677578527208,-1.655353335562287,0.9602280672191368,-0.025887222497090343,0.04387941135942495,0.10953856663737851,"pos CCorr, no ImagCoh, low PLV"
1.8271211362320736,1.226182704048548,0.9602280672191368,-0.025887222497090343,0.04387941135942495,0.10953856663737851,"pos CCorr, no ImagCoh, low PLV"
1.0379516417092605,1.1582503051114585,0.9737755872674977,-0.00299219354829777,0.9703061566773374,0.0589104496034627,"pos CCorr, no ImagCoh, high PLV"
1.2627891202812904,1.2135244425640055,0.9737755872674977,-0.00299219354829777,0.9703061566773374,0.0589104496034627,"pos CCorr, no ImagCoh, high PLV"
-3.1124276554362686,3.056816612338821,0.9737755872674977,-0.00299219354829777,0.9703061566773374,0.0589104496034627,"pos CCorr, no ImagCoh, high PLV"
0.646693772774261,0.6471908518567431,0.9737755872674977,-0.00299219354829777,0.9703061566773374,0.0589104496034627,"pos CCorr, no ImagCoh, high PLV"
-2.44633907360179,-2.9905873645733845,0.9737755872674977,-0.00299219354829777,0.9703061566773374,0.0589104496034627,"pos CCorr, no ImagCoh, high PLV"
2.357161983749478,2.319721707137389,0.9737755872674977,-0.00299219354829777,0.9703061566773374,0.0589104496034627,"pos CCorr, no ImagCoh, high PLV"
0.30783850426362314,0.14287018444236388,0.9737755872674977,-0.00299219354829777,0.9703061566773374,0.0589104496034627,"pos CCorr, no ImagCoh, high PLV"
3.1182094251387555,3.0055694158359563,0.9737755872674977,-0.00299219354829777,0.9703061566773374,0.0589104496034627,"pos CCorr, no ImagCoh, high PLV"
-1.9282209660057885,-1.6807920648560422,0.9737755872674977,-0.00299219354829777,0.9703061566773374,0.0589104496034627,"pos CCorr, no ImagCoh, high PLV"
-2.5249139075190143,-2.529012115985847,0.9737755872674977,-0.00299219354829777,0.9703061566773374,0.0589104496034627,"pos CCorr, no ImagCoh, high PLV"
-2.7409641243406075,-2.861687225628062,0.9737755872674977,-0.00299219354829777,0.9703061566773374,0.0589104496034627,"pos CCorr, no ImagCoh, high PLV"
-2.1794998154984793,-1.9074388731939198,0.9737755872674977,-0.00299219354829777,0.9703061566773374,0.0589104496034627,"pos CCorr, no ImagCoh, high PLV"
2.5113729154137694,2.4393726928183534,0.9737755872674977,-0.00299219354829777,0.9703061566773374,0.0589104496034627,"pos CCorr, no ImagCoh, high PLV"
1.798878026627479,1.163364992947308,0.9737755872674977,-0.00299219354829777,0.9703061566773374,0.0589104496034627,"pos CCorr, no ImagCoh, high PLV"
0.9401397773725026,1.1199241657710601,0.9737755872674977,-0.00299219354829777,0.9703061566773374,0.0589104496034627,"pos CCorr, no ImagCoh, high PLV"
0.9746441251542279,1.0150936549766483,0.9737755872674977,-0.00299219354829777,0.9703061566773374,0.0589104496034627,"pos CCorr, no ImagCoh, high PLV"
1.751603097436921,1.9425716115849223,0.9737755872674977,-0.00299219354829777,0.9703061566773374,0.0589104496034627,"pos CCorr, no ImagCoh, high PLV"
-0.23348738401816949,-0.16138927172239725,0.9737755872674977,-0.00299219354829777,0.9703061566773374,0.0589104496034627,"pos CCorr, no ImagCoh, high PLV"
-0.7548342410531164,-1.137701440940213,0.9737755872674977,-0.00299219354829777,0.9703061566773374,0.0589104496034627,"pos CCorr, no ImagCoh, high PLV"
-1.8763579073240781,-1.572951902937581,0.9737755872674977,-0.00299219354829777,0.9703061566773374,0.0589104496034627,"pos CCorr, no ImagCoh, high PLV"
0.4040974635042214,-0.6490451561131012,0.85755593105708,-0.5693257357536644,0.01498512056698947,0.5881034537562451,"pos CCorr, neg ImagCoh, low PLV"
-2.74668911672952,0.6621323978435356,0.85755593105708,-0.5693257357536644,0.01498512056698947,0.5881034537562451,"pos CCorr, neg ImagCoh, low PLV"
-1.0886048144743659,0.01518164741655248,0.85755593105708,-0.5693257357536644,0.01498512056698947,0.5881034537562451,"pos CCorr, neg ImagCoh, low PLV"
1.0596540460443693,2.7446453455639617,0.85755593105708,-0.5693257357536644,0.01498512056698947,0.5881034537562451,"pos CCorr, neg ImagCoh, low PLV"
0.9886611903012543,-3.0484075251523004,0.85755593105708,-0.5693257357536644,0.01498512056698947,0.5881034537562451,"pos CCorr, neg ImagCoh, low PLV"
-0.8180197912020435,-0.3470015278350371,0.85755593105708,-0.5693257357536644,0.01498512056698947,0.5881034537562451,"pos CCorr, neg ImagCoh, low PLV"
2.954355660177466,2.4108979828009582,0.85755593105708,-0.5693257357536644,0.01498512056698947,0.5881034537562451,"pos CCorr, neg ImagCoh, low PLV"
-2.8664387879382756,1.597599227197568,0.85755593105708,-0.5693257357536644,0.01498512056698947,0.5881034537562451,"pos CCorr, neg ImagCoh, low PLV"
0.9339952317818012,1.844302244488481,0.85755593105708,-0.5693257357536644,0.01498512056698947,0.5881034537562451,"pos CCorr, neg ImagCoh, low PLV"
0.8714720411999508,-2.345860354956989,0.85755593105708,-0.5693257357536644,0.01498512056698947,0.5881034537562451,"pos CCorr, neg ImagCoh, low PLV"
0.3294911884019722,-0.9905882440107767,0.85755593105708,-0.5693257357536644,0.01498512056698947,0.5881034537562451,"pos CCorr, neg ImagCoh, low PLV"
0.7002007520004319,-2.8914780396550435,0.85755593105708,-0.5693257357536644,0.01498512056698947,0.5881034537562451,"pos CCorr, neg ImagCoh, low PLV"
-0.9005994935609714,-0.4329475963366267,0.85755593105708,-0.5693257357536644,0.01498512056698947,0.5881034537562451,"pos CCorr, neg ImagCoh, low PLV"
-3.011861013951986,2.207845456642495,0.85755593105708,-0.5693257357536644,0.01498512056698947,0.5881034537562451,"pos CCorr, neg ImagCoh, low PLV"
0.4207910265152699,-1.0427362279321954,0.85755593105708,-0.5693257357536644,0.01498512056698947,0.5881034537562451,"pos CCorr, neg ImagCoh, low PLV"
3.131263644419387,1.8504149189459076,0.85755593105708,-0.5693257357536644,0.01498512056698947,0.5881034537562451,"pos CCorr, neg ImagCoh, low PLV"
0.8982255564141033,-1.8595223476325835,0.85755593105708,-0.5693257357536644,0.01498512056698947,0.5881034537562451,"pos CCorr, neg ImagCoh, low PLV"
0.9691263170753732,2.1162573432070877,0.85755593105708,-0.5693257357536644,0.01498512056698947,0.5881034537562451,"pos CCorr, neg ImagCoh, low PLV"
-1.6691592460395883,0.10655991110516183,0.85755593105708,-0.5693257357536644,0.01498512056698947,0.5881034537562451,"pos CCorr, neg ImagCoh, low PLV"
-2.388168383221901,0.9231577664150112,0.85755593105708,-0.5693257357536644,0.01498512056698947,0.5881034537562451,"pos CCorr, neg ImagCoh, low PLV"
-3.0708950629913714,-1.1767379103944258,0.9842103380649578,-0.8577090419988874,0.9036937254825566,0.2543868944535983,"pos CCorr, neg ImagCoh, high PLV"
-1.6873478996243034,-0.03676159087924624,0.9842103380649578,-0.8577090419988874,0.9036937254825566,0.2543868944535983,"pos CCorr, neg ImagCoh, high PLV"
-2.093150163008854,-0.9088564270268211,0.9842103380649578,-0.8577090419988874,0.9036937254825566,0.2543868944535983,"pos CCorr, neg ImagCoh, high PLV"
1.0052121012445578,-2.847124686605573,0.9842103380649578,-0.8577090419988874,0.9036937254825566,0.2543868944535983,"pos CCorr, neg ImagCoh, high PLV"
-2.5998747807974154,0.3180938730637548,0.9842103380649578,-0.8577090419988874,0.9036937254825566,0.2543868944535983,"pos CCorr, neg ImagCoh, high PLV"
-2.44349038150233,0.09050249802088262,0.9842103380649578,-0.8577090419988874,0.9036937254825566,0.2543868944535983,"pos CCorr, neg ImagCoh, high PLV"
0.7681796688066065,2.9939962065424783,0.9842103380649578,-0.8577090419988874,0.9036937254825566,0.2543868944535983,"pos CCorr, neg ImagCoh, high PLV"
-2.1805486341345572,-0.7107771055080083,0.9842103380649578,-0.8577090419988874,0.9036937254825566,0.2543868944535983,"pos CCorr, neg ImagCoh, high PLV"
1.696637820026777,-2.686112518591059,0.9842103380649578,-0.8577090419988874,0.9036937254825566,0.2543868944535983,"pos CCorr, neg ImagCoh, high PLV"
-2.486407380139016,-0.6114709244812486,0.9842103380649578,-0.8577090419988874,0.9036937254825566,0.2543868944535983,"pos CCorr, neg ImagCoh, high PLV"
1.268013202205272,-2.772644869067932,0.9842103380649578,-0.8577090419988874,0.9036937254825566,0.2543868944535983,"pos CCorr, neg ImagCoh, high PLV"
0.8276968772629494,2.670383469173016,0.9842103380649578,-0.8577090419988874,0.9036937254825566,0.2543868944535983,"pos CCorr, neg ImagCoh, high PLV"
0.9328895056324402,-2.6087462130024615,0.9842103380649578,-0.8577090419988874,0.9036937254825566,0.2543868944535983,"pos CCorr, neg ImagCoh, high PLV"
-2.590514940225343,-0.7454391748766134,0.9842103380649578,-0.8577090419988874,0.9036937254825566,0.2543868944535983,"pos CCorr, neg ImagCoh, high PLV"
-1.9448002356160583,-0.3285948146072628,0.9842103380649578,-0.8577090419988874,0.9036937254825566,0.2543868944535983,"pos CCorr, neg ImagCoh, high PLV"
0.9080099021656629,2.6824902573550533,0.9842103380649578,-0.8577090419988874,0.9036937254825566,0.2543868944535983,"pos CCorr, neg ImagCoh, high PLV"
-1.610522287094885,0.20249178234408882,0.9842103380649578,-0.8577090419988874,0.9036937254825566,0.2543868944535983,"pos CCorr, neg ImagCoh, high PLV"
0.9792506025639307,-2.6675358435408354,0.9842103380649578,-0.8577090419988874,0.9036937254825566,0.2543868944535983,"pos CCorr, neg ImagCoh, high PLV"
0.2898101660195427,2.049997075726699,0.9842103380649578,-0.8577090419988874,0.9036937254825566,0.2543868944535983,"pos CCorr, neg ImagCoh, high PLV"
1.4317265036242626,2.9996218565533823,0.9842103380649578,-0.8577090419988874,0.9036937254825566,0.2543868944535983,"pos CCorr, neg ImagCoh, high PLV"
-0.9050623884870297,0.7774776498876972,-9.851344415202207e-4,0.605854180585702,0.0471616217752624,0.4422925756310806,"no CCorr, pos ImagCoh, low PLV"
2.167464670803538,-0.9617160664658346,-9.851344415202207e-4,0.605854180585702,0.0471616217752624,0.4422925756310806,"no CCorr, pos ImagCoh, low PLV"
2.140552917592424,-0.12027381720153985,-9.851344415202207e-4,0.605854180585702,0.0471616217752624,0.4422925756310806,"no CCorr, pos ImagCoh, low PLV"
-0.9842002849437836,1.5984267092540891,-9.851344415202207e-4,0.605854180585702,0.0471616217752624,0.4422925756310806,"no CCorr, pos ImagCoh, low PLV"
2.714387568086078,-1.4320304687427727,-9.851344415202207e-4,0.605854180585702,0.0471616217752624,0.4422925756310806,"no CCorr, pos ImagCoh, low PLV"
3.0913880817278585,-1.9065303191432825,-9.851344415202207e-4,0.605854180585702,0.0471616217752624,0.4422925756310806,"no CCorr, pos ImagCoh, low PLV"
0.05703522895764879,0.9664948961061279,-9.851344415202207e-4,0.605854180585702,0.0471616217752624,0.4422925756310806,"no CCorr, pos ImagCoh, low PLV"
-0.7368232091299136,-1.4377078841099113,-9.851344415202207e-4,0.605854180585702,0.0471616217752624,0.4422925756310806,"no CCorr, pos ImagCoh, low PLV"
2.548191393325446,1.0229324528083286,-9.851344415202207e-4,0.605854180585702,0.0471616217752624,0.4422925756310806,"no CCorr, pos ImagCoh, low PLV"
0.04087630106201301,0.3200329314790351,-9.851344415202207e-4,0.605854180585702,0.0471616217752624,0.4422925756310806,"no CCorr, pos ImagCoh, low PLV"
2.7304976154999316,-1.6044197506597475,-9.851344415202207e-4,0.605854180585702,0.0471616217752624,0.4422925756310806,"no CCorr, pos ImagCoh, low PLV"
-3.0047548864561096,-2.7526615938957386,-9.851344415202207e-4,0.605854180585702,0.0471616217752624,0.4422925756310806,"no CCorr, pos ImagCoh, low PLV"
2.507556219198767,-0.8693711942855304,-9.851344415202207e-4,0.605854180585702,0.0471616217752624,0.4422925756310806,"no CCorr, pos ImagCoh, low PLV"
-1.0053945329807146,-1.9753664796113821,-9.851344415202207e-4,0.605854180585702,0.0471616217752624,0.4422925756310806,"no CCorr, pos ImagCoh, low PLV"
-2.983246384597817,-2.1731451817053324,-9.851344415202207e-4,0.605854180585702,0.0471616217752624,0.4422925756310806,"no CCorr, pos ImagCoh, low PLV"
-0.8585362188053112,-1.4645219421887739,-9.851344415202207e-4,0.605854180585702,0.0471616217752624,0.4422925756310806,"no CCorr, pos ImagCoh, low PLV"
2.372136310804591,0.28958223899403857,-9.851344415202207e-4,0.605854180585702,0.0471616217752624,0.4422925756310806,"no CCorr, pos ImagCoh, low PLV"
-0.6491042975022916,1.6091399889680478,-9.851344415202207e-4,0.605854180585702,0.0471616217752624,0.4422925756310806,"no CCorr, pos ImagCoh, low PLV"
-0.7924567957949633,-2.8976661099844394,-9.851344415202207e-4,0.605854180585702,0.0471616217752624,0.4422925756310806,"no CCorr, pos ImagCoh, low PLV"
-0.8219683299831044,-2.5564394761369167,-9.851344415202207e-4,0.605854180585702,0.0471616217752624,0.4422925756310806,"no CCorr, pos ImagCoh, low PLV"
2.2039212739845366,0.9342775164543768,-0.0737359656813177,0.5755229358255679,0.8859951014317513,0.6122179284239984,"no CCorr, pos ImagCoh, high PLV"
1.3646796879981293,-0.18562803514704296,-0.0737359656813177,0.5755229358255679,0.8859951014317513,0.6122179284239984,"no CCorr, pos ImagCoh, high PLV"
-0.30544702380314837,-1.2049627510780465,-0.0737359656813177,0.5755229358255679,0.8859951014317513,0.6122179284239984,"no CCorr, pos ImagCoh, high PLV"
-1.7344767037795956,2.6035614016514,-0.0737359656813177,0.5755229358255679,0.8859951014317513,0.6122179284239984,"no CCorr, pos ImagCoh, high PLV"
1.6423974682641251,0.19456947383385437,-0.0737359656813177,0.5755229358255679,0.8859951014317513,0.6122179284239984,"no CCorr, pos ImagCoh, high PLV"
-1.4473496465508753,-2.2801240125687547,-0.0737359656813177,0.5755229358255679,0.8859951014317513,0.6122179284239984,"no CCorr, pos ImagCoh, high PLV"
-0.4592253223151044,-1.2967956033935253,-0.0737359656813177,0.5755229358255679,0.8859951014317513,0.6122179284239984,"no CCorr, pos ImagCoh, high PLV"
-0.09892270777355927,-1.2902567048278677,-0.0737359656813177,0.5755229358255679,0.8859951014317513,0.6122179284239984,"no CCorr, pos ImagCoh, high PLV"
2.148462099338733,1.4349928763903703,-0.0737359656813177,0.5755229358255679,0.8859951014317513,0.6122179284239984,"no CCorr, pos ImagCoh, high PLV"
-2.9639295929587663,2.6958466174953504,-0.0737359656813177,0.5755229358255679,0.8859951014317513,0.6122179284239984,"no CCorr, pos ImagCoh, high PLV"
-2.6623492371892907,1.6158698305272479,-0.0737359656813177,0.5755229358255679,0.8859951014317513,0.6122179284239984,"no CCorr, pos ImagCoh, high PLV"
-0.048790194867455394,-0.937503165969912,-0.0737359656813177,0.5755229358255679,0.8859951014317513,0.6122179284239984,"no CCorr, pos ImagCoh, high PLV"
-1.032387611270773,-2.6690041363811257,-0.0737359656813177,0.5755229358255679,0.8859951014317513,0.6122179284239984,"no CCorr, pos ImagCoh, high PLV"
2.17951237465019,0.860576034240383,-0.0737359656813177,0.5755229358255679,0.8859951014317513,0.6122179284239984,"no CCorr, pos ImagCoh, high PLV"
-3.0871426217788396,1.0555942742871514,-0.0737359656813177,0.5755229358255679,0.8859951014317513,0.6122179284239984,"no CCorr, pos ImagCoh, high PLV"
2.212407319439535,0.2661648411654238,-0.0737359656813177,0.5755229358255679,0.8859951014317513,0.6122179284239984,"no CCorr, pos ImagCoh, high PLV"
-0.3665567897501889,-1.747528245920142,-0.0737359656813177,0.5755229358255679,0.8859951014317513,0.6122179284239984,"no CCorr, pos ImagCoh, high PLV"
-0.6261242946243608,-2.129508914525367,-0.0737359656813177,0.5755229358255679,0.8859951014317513,0.6122179284239984,"no CCorr, pos ImagCoh, high PLV"
-0.8932700311394415,-2.5907189734098584,-0.0737359656813177,0.5755229358255679,0.8859951014317513,0.6122179284239984,"no CCorr, pos ImagCoh, high PLV"
-1.7445153661358912,2.2717451492697522,-0.0737359656813177,0.5755229358255679,0.8859951014317513,0.6122179284239984,"no CCorr, pos ImagCoh, high PLV"
1.8933217137289917,-0.9402879695110147,-2.0323356766986767e-4,-0.008342870386164651,0.023146378744591408,0.03169248269842593,"no CCorr, no ImagCoh, low PLV"
2.329869855745655,0.31895730925790966,-2.0323356766986767e-4,-0.008342870386164651,0.023146378744591408,0.03169248269842593,"no CCorr, no ImagCoh, low PLV"
-1.9361671654311756,0.39816019585033446,-2.0323356766986767e-4,-0.008342870386164651,0.023146378744591408,0.03169248269842593,"no CCorr, no ImagCoh, low PLV"
0.5831605996425839,2.9005720694750305,-2.0323356766986767e-4,-0.008342870386164651,0.023146378744591408,0.03169248269842593,"no CCorr, no ImagCoh, low PLV"
2.347701514894405,2.907680237741628,-2.0323356766986767e-4,-0.008342870386164651,0.023146378744591408,0.03169248269842593,"no CCorr, no ImagCoh, low PLV"
-1.0351912747517535,-2.9208094110929688,-2.0323356766986767e-4,-0.008342870386164651,0.023146378744591408,0.03169248269842593,"no CCorr, no ImagCoh, low PLV"
-0.7942697843189266,-1.3928428081679856,-2.0323356766986767e-4,-0.008342870386164651,0.023146378744591408,0.03169248269842593,"no CCorr, no ImagCoh, low PLV"
1.2177156589735638,-2.813239252649807,-2.0323356766986767e-4,-0.008342870386164651,0.023146378744591408,0.03169248269842593,"no CCorr, no ImagCoh, low PLV"
-0.6572732247423292,-0.5790906020879922,-2.0323356766986767e-4,-0.008342870386164651,0.023146378744591408,0.03169248269842593,"no CCorr, no ImagCoh, low PLV"
1.2347885741975828,2.3538514981516077,-2.0323356766986767e-4,-0.008342870386164651,0.023146378744591408,0.03169248269842593,"no CCorr, no ImagCoh, low PLV"
-1.6640617065294638,0.3996640156561799,-2.0323356766986767e-4,-0.008342870386164651,0.023146378744591408,0.03169248269842593,"no CCorr, no ImagCoh, low PLV"
1.9354213493135122,-0.891494208049282,-2.0323356766986767e-4,-0.008342870386164651,0.023146378744591408,0.03169248269842593,"no CCorr, no ImagCoh, low PLV"
-1.6078180976545404,3.0797018883452827,-2.0323356766986767e-4,-0.008342870386164651,0.023146378744591408,0.03169248269842593,"no CCorr, no ImagCoh, low PLV"
1.9913487147984856,-0.6460644780816112,-2.0323356766986767e-4,-0.008342870386164651,0.023146378744591408,0.03169248269842593,"no CCorr, no ImagCoh, low PLV"
1.1487470956417818,-0.4954703407284624,-2.0323356766986767e-4,-0.008342870386164651,0.023146378744591408,0.03169248269842593,"no CCorr, no ImagCoh, low PLV"
-2.8597481160106484,-2.9339693598519427,-2.0323356766986767e-4,-0.008342870386164651,0.023146378744591408,0.03169248269842593,"no CCorr, no ImagCoh, low PLV"
1.0903606102160204,2.790196415977454,-2.0323356766986767e-4,-0.008342870386164651,0.023146378744591408,0.03169248269842593,"no CCorr, no ImagCoh, low PLV"
1.5840665766512112,-3.009974379206076,-2.0323356766986767e-4,-0.008342870386164651,0.023146378744591408,0.03169248269842593,"no CCorr, no ImagCoh, low PLV"
-2.7020764000079405,-3.0223626533074177,-2.0323356766986767e-4,-0.008342870386164651,0.023146378744591408,0.03169248269842593,"no CCorr, no ImagCoh, low PLV"
-1.3719230620794483,-1.8651615705974267,-2.0323356766986767e-4,-0.008342870386164651,0.023146378744591408,0.03169248269842593,"no CCorr, no ImagCoh, low PLV"
0.9252695252353851,-1.694383090222516,0.0050700483172984884,-0.00355104131721322,0.7548130398116129,0.25380804982289895,"no CCorr, no ImagCoh, high PLV"
1.231549926654913,-0.7321003814566125,0.0050700483172984884,-0.00355104131721322,0.7548130398116129,0.25380804982289895,"no CCorr, no ImagCoh, high PLV"
2.8810803157595366,0.8800724005365819,0.0050700483172984884,-0.00355104131721322,0.7548130398116129,0.25380804982289895,"no CCorr, no ImagCoh, high PLV"
-1.8815162047478708,2.467013770671623,0.0050700483172984884,-0.00355104131721322,0.7548130398116129,0.25380804982289895,"no CCorr, no ImagCoh, high PLV"
1.047131837404116,-1.346216539779611,0.0050700483172984884,-0.00355104131721322,0.7548130398116129,0.25380804982289895,"no CCorr, no ImagCoh, high PLV"
0.14077236137961258,-2.5688833367365165,0.0050700483172984884,-0.00355104131721322,0.7548130398116129,0.25380804982289895,"no CCorr, no ImagCoh, high PLV"
0.7394286574515796,-1.27872661211894,0.0050700483172984884,-0.00355104131721322,0.7548130398116129,0.25380804982289895,"no CCorr, no ImagCoh, high PLV"
-2.3572782096650395,2.1701872447353843,0.0050700483172984884,-0.00355104131721322,0.7548130398116129,0.25380804982289895,"no CCorr, no ImagCoh, high PLV"
1.6955486716650903,-0.7199913008819445,0.0050700483172984884,-0.00355104131721322,0.7548130398116129,0.25380804982289895,"no CCorr, no ImagCoh, high PLV"
0.8784670995664952,-1.8952335135917011,0.0050700483172984884,-0.00355104131721322,0.7548130398116129,0.25380804982289895,"no CCorr, no ImagCoh, high PLV"
-1.293201677417797,1.7481858700213966,0.0050700483172984884,-0.00355104131721322,0.7548130398116129,0.25380804982289895,"no CCorr, no ImagCoh, high PLV"
0.47222429303155433,3.12400694754312,0.0050700483172984884,-0.00355104131721322,0.7548130398116129,0.25380804982289895,"no CCorr, no ImagCoh, high PLV"
-1.2124442970001785,1.868910975506619,0.0050700483172984884,-0.00355104131721322,0.7548130398116129,0.25380804982289895,"no CCorr, no ImagCoh, high PLV"
3.0046033149768343,1.0623601709253325,0.0050700483172984884,-0.00355104131721322,0.7548130398116129,0.25380804982289895,"no CCorr, no ImagCoh, high PLV"
-2.2841924769852,1.5861212670373135,0.0050700483172984884,-0.00355104131721322,0.7548130398116129,0.25380804982289895,"no CCorr, no ImagCoh, high PLV"
0.6030527277038487,-1.4050821133213156,0.0050700483172984884,-0.00355104131721322,0.7548130398116129,0.25380804982289895,"no CCorr, no ImagCoh, high PLV"
0.10999948020559236,-2.8376462765231762,0.0050700483172984884,-0.00355104131721322,0.7548130398116129,0.25380804982289895,"no CCorr, no ImagCoh, high PLV"
1.9690671060857614,0.5635497614696008,0.0050700483172984884,-0.00355104131721322,0.7548130398116129,0.25380804982289895,"no CCorr, no ImagCoh, high PLV"
-2.846692040286974,1.8268575110795986,0.0050700483172984884,-0.00355104131721322,0.7548130398116129,0.25380804982289895,"no CCorr, no ImagCoh, high PLV"
-2.030373671087415,-1.7817211881820059,0.0050700483172984884,-0.00355104131721322,0.7548130398116129,0.25380804982289895,"no CCorr, no ImagCoh, high PLV"
-2.3959778451573372,-0.11518287691487084,0.02937027292818112,-0.6084146609708232,0.048019066735562034,0.4689746786929199,"no CCorr, neg ImagCoh, low PLV"
1.006953605739496,-1.8239676992787666,0.02937027292818112,-0.6084146609708232,0.048019066735562034,0.4689746786929199,"no CCorr, neg ImagCoh, low PLV"
0.6622254833209196,-1.081649815193586,0.02937027292818112,-0.6084146609708232,0.048019066735562034,0.4689746786929199,"no CCorr, neg ImagCoh, low PLV"
1.1947056092212023,2.071699332307082,0.02937027292818112,-0.6084146609708232,0.048019066735562034,0.4689746786929199,"no CCorr, neg ImagCoh, low PLV"
0.6579360070927316,-0.32615391531115234,0.02937027292818112,-0.6084146609708232,0.048019066735562034,0.4689746786929199,"no CCorr, neg ImagCoh, low PLV"
3.0659070770274486,2.179154239138123,0.02937027292818112,-0.6084146609708232,0.048019066735562034,0.4689746786929199,"no CCorr, neg ImagCoh, low PLV"
-2.946338427301822,2.608637088091257,0.02937027292818112,-0.6084146609708232,0.048019066735562034,0.4689746786929199,"no CCorr, neg ImagCoh, low PLV"
0.5313452818294722,-1.8398115526559984,0.02937027292818112,-0.6084146609708232,0.048019066735562034,0.4689746786929199,"no CCorr, neg ImagCoh, low PLV"
1.1557780832763527,1.882240793924204,0.02937027292818112,-0.6084146609708232,0.048019066735562034,0.4689746786929199,"no CCorr, neg ImagCoh, low PLV"
2.963629835192652,2.683686062685145,0.02937027292818112,-0.6084146609708232,0.048019066735562034,0.4689746786929199,"no CCorr, neg ImagCoh, low PLV"
-2.6127215129439465,-0.9000890214634736,0.02937027292818112,-0.6084146609708232,0.048019066735562034,0.4689746786929199,"no CCorr, neg ImagCoh, low PLV"
0.6163062578694354,-1.3903889678985462,0.02937027292818112,-0.6084146609708232,0.048019066735562034,0.4689746786929199,"no CCorr, neg ImagCoh, low PLV"
-2.8189224392287686,-0.19632063797687005,0.02937027292818112,-0.6084146609708232,0.048019066735562034,0.4689746786929199,"no CCorr, neg ImagCoh, low PLV"
0.8692440564640158,-3.0628559448612616,0.02937027292818112,-0.6084146609708232,0.048019066735562034,0.4689746786929199,"no CCorr, neg ImagCoh, low PLV"
-2.4355410309514,-1.1061924925346092,0.02937027292818112,-0.6084146609708232,0.048019066735562034,0.4689746786929199,"no CCorr, neg ImagCoh, low PLV"
0.4096879259465642,-1.8707587302787367,0.02937027292818112,-0.6084146609708232,0.048019066735562034,0.4689746786929199,"no CCorr, neg ImagCoh, low PLV"
0.6394286670448746,-1.4370515868753544,0.02937027292818112,-0.6084146609708232,0.048019066735562034,0.4689746786929199,"no CCorr, neg ImagCoh, low PLV"
1.34636932694381,2.843942076139929,0.02937027292818112,-0.6084146609708232,0.048019066735562034,0.4689746786929199,"no CCorr, neg ImagCoh, low PLV"
-2.5038201853608184,-0.9525139884423486,0.02937027292818112,-0.6084146609708232,0.048019066735562034,0.4689746786929199,"no CCorr, neg ImagCoh, low PLV"
1.0041288937931911,1.6606670153669505,0.02937027292818112,-0.6084146609708232,0.048019066735562034,0.4689746786929199,"no CCorr, neg ImagCoh, low PLV"
1.412796573356684,-3.1342820320902063,-0.004674127662422243,-0.6506217510665381,0.7718086193822704,0.5822437572136137,"no CCorr, neg ImagCoh, high PLV"
-2.6127300066463146,-1.1829946281546915,-0.004674127662422243,-0.6506217510665381,0.7718086193822704,0.5822437572136137,"no CCorr, neg ImagCoh, high PLV"
0.5298996188689502,1.5747337839715065,-0.004674127662422243,-0.6506217510665381,0.7718086193822704,0.5822437572136137,"no CCorr, neg ImagCoh, high PLV"
1.4835235115546945,2.003965261173999,-0.004674127662422243,-0.6506217510665381,0.7718086193822704,0.5822437572136137,"no CCorr, neg ImagCoh, high PLV"
1.2218478042139989,2.292755106201648,-0.004674127662422243,-0.6506217510665381,0.7718086193822704,0.5822437572136137,"no CCorr, neg ImagCoh, high PLV"
-2.543388181229526,-1.870941571631956,-0.004674127662422243,-0.6506217510665381,0.7718086193822704,0.5822437572136137,"no CCorr, neg ImagCoh, high PLV"
1.3172206052168356,2.0713718229850047,-0.004674127662422243,-0.6506217510665381,0.7718086193822704,0.5822437572136137,"no CCorr, neg ImagCoh, high PLV"
0.7504930111720376,2.77747638570285,-0.004674127662422243,-0.6506217510665381,0.7718086193822704,0.5822437572136137,"no CCorr, neg ImagCoh, high PLV"
0.7307092473045769,2.8948193211414006,-0.004674127662422243,-0.6506217510665381,0.7718086193822704,0.5822437572136137,"no CCorr, neg ImagCoh, high PLV"
-1.8843312365652451,-1.370163576858398,-0.004674127662422243,-0.6506217510665381,0.7718086193822704,0.5822437572136137,"no CCorr, neg ImagCoh, high PLV"
0.19268541089792768,1.1271376860831355,-0.004674127662422243,-0.6506217510665381,0.7718086193822704,0.5822437572136137,"no CCorr, neg ImagCoh, high PLV"
-1.9072596803583903,-2.538063686071502,-0.004674127662422243,-0.6506217510665381,0.7718086193822704,0.5822437572136137,"no CCorr, neg ImagCoh, high PLV"
-1.9148495612159646,0.1318005086259335,-0.004674127662422243,-0.6506217510665381,0.7718086193822704,0.5822437572136137,"no CCorr, neg ImagCoh, high PLV"
1.0167849316422535,-2.926967737371977,-0.004674127662422243,-0.6506217510665381,0.7718086193822704,0.5822437572136137,"no CCorr, neg ImagCoh, high PLV"
-1.376798973889318,-0.3758307848264515,-0.004674127662422243,-0.6506217510665381,0.7718086193822704,0.5822437572136137,"no CCorr, neg ImagCoh, high PLV"
1.0974562266454972,2.866777294015555,-0.004674127662422243,-0.6506217510665381,0.7718086193822704,0.5822437572136137,"no CCorr, neg ImagCoh, high PLV"
-1.9604101420598898,-0.4040647950805929,-0.004674127662422243,-0.6506217510665381,0.7718086193822704,0.5822437572136137,"no CCorr, neg ImagCoh, high PLV"
-1.3952575841359545,0.44992969506920355,-0.004674127662422243,-0.6506217510665381,0.7718086193822704,0.5822437572136137,"no CCorr, neg ImagCoh, high PLV"
-2.7881847631783256,-2.282487188490232,-0.004674127662422243,-0.6506217510665381,0.7718086193822704,0.5822437572136137,"no CCorr, neg ImagCoh, high PLV"
1.0075777246279811,1.838957237756068,-0.004674127662422243,-0.6506217510665381,0.7718086193822704,0.5822437572136137,"no CCorr, neg ImagCoh, high PLV"
1.70748101125493,0.6314779252588512,-0.9506838270553407,0.6287469591114809,0.048410751620119534,0.4689799654532978,"neg CCorr, pos ImagCoh, low PLV"
-0.4041950006413204,1.7929740623036663,-0.9506838270553407,0.6287469591114809,0.048410751620119534,0.4689799654532978,"neg CCorr, pos ImagCoh, low PLV"
-1.0446657583620258,-2.6964683766969735,-0.9506838270553407,0.6287469591114809,0.048410751620119534,0.4689799654532978,"neg CCorr, pos ImagCoh, low PLV"
-0.9413027065445996,-2.353967927412782,-0.9506838270553407,0.6287469591114809,0.048410751620119534,0.4689799654532978,"neg CCorr, pos ImagCoh, low PLV"
-0.7567800830195304,2.882357272081321,-0.9506838270553407,0.6287469591114809,0.048410751620119534,0.4689799654532978,"neg CCorr, pos ImagCoh, low PLV"
0.9542131034230215,0.8654589227065728,-0.9506838270553407,0.6287469591114809,0.048410751620119534,0.4689799654532978,"neg CCorr, pos ImagCoh, low PLV"
2.7439724325058608,-1.4279722330495381,-0.9506838270553407,0.6287469591114809,0.048410751620119534,0.4689799654532978,"neg CCorr, pos ImagCoh, low PLV"
1.8049252589075477,0.7511645900488508,-0.9506838270553407,0.6287469591114809,0.048410751620119534,0.4689799654532978,"neg CCorr, pos ImagCoh, low PLV"
1.0378257400535222,0.7295843817979848,-0.9506838270553407,0.6287469591114809,0.048410751620119534,0.4689799654532978,"neg CCorr, pos ImagCoh, low PLV"
-0.48044393671556396,1.8855948320562126,-0.9506838270553407,0.6287469591114809,0.048410751620119534,0.4689799654532978,"neg CCorr, pos ImagCoh, low PLV"
2.7501857615788134,-0.8314859477329435,-0.9506838270553407,0.6287469591114809,0.048410751620119534,0.4689799654532978,"neg CCorr, pos ImagCoh, low PLV"
-0.6472070551373887,2.4218054502607593,-0.9506838270553407,0.6287469591114809,0.048410751620119534,0.4689799654532978,"neg CCorr, pos ImagCoh, low PLV"
-1.1818426006481217,-1.9818235308363408,-0.9506838270553407,0.6287469591114809,0.048410751620119534,0.4689799654532978,"neg CCorr, pos ImagCoh, low PLV"
0.2292553521941998,1.5781702312047559,-0.9506838270553407,0.6287469591114809,0.048410751620119534,0.4689799654532978,"neg CCorr, pos ImagCoh, low PLV"
1.642418673261684,0.6239665284933116,-0.9506838270553407,0.6287469591114809,0.048410751620119534,0.4689799654532978,"neg CCorr, pos ImagCoh, low PLV"
-0.7894557159079398,2.456890853011471,-0.9506838270553407,0.6287469591114809,0.048410751620119534,0.4689799654532978,"neg CCorr, pos ImagCoh, low PLV"
0.3650004043719193,1.3114690286805866,-0.9506838270553407,0.6287469591114809,0.048410751620119534,0.4689799654532978,"neg CCorr, pos ImagCoh, low PLV"
0.06961357854211148,2.0225205088631153,-0.9506838270553407,0.6287469591114809,0.048410751620119534,0.4689799654532978,"neg CCorr, pos ImagCoh, low PLV"
-0.07696981675324599,1.4305061768613259,-0.9506838270553407,0.6287469591114809,0.048410751620119534,0.4689799654532978,"neg CCorr, pos ImagCoh, low PLV"
-1.1519214055102434,-2.5326483641816084,-0.9506838270553407,0.6287469591114809,0.048410751620119534,0.4689799654532978,"neg CCorr, pos ImagCoh, low PLV"
2.6389648208487726,0.6467136465163681,-0.9885789853109465,0.8625684984803732,0.8786257769624515,0.27022673924622875,"neg CCorr, pos ImagCoh, high PLV"
2.3623165478063317,0.5221784952417305,-0.9885789853109465,0.8625684984803732,0.8786257769624515,0.27022673924622875,"neg CCorr, pos ImagCoh, high PLV"
-0.5706086893765678,2.9478525270330103,-0.9885789853109465,0.8625684984803732,0.8786257769624515,0.27022673924622875,"neg CCorr, pos ImagCoh, high PLV"
-0.5969990658988213,-2.7064302665753877,-0.9885789853109465,0.8625684984803732,0.8786257769624515,0.27022673924622875,"neg CCorr, pos ImagCoh, high PLV"
-0.611795878085442,2.497942104446583,-0.9885789853109465,0.8625684984803732,0.8786257769624515,0.27022673924622875,"neg CCorr, pos ImagCoh, high PLV"
1.6337982002643816,0.09928344142813561,-0.9885789853109465,0.8625684984803732,0.8786257769624515,0.27022673924622875,"neg CCorr, pos ImagCoh, high PLV"
1.873212250169117,-0.5984093072238901,-0.9885789853109465,0.8625684984803732,0.8786257769624515,0.27022673924622875,"neg CCorr, pos ImagCoh, high PLV"
2.393322160228829,0.7370045890279715,-0.9885789853109465,0.8625684984803732,0.8786257769624515,0.27022673924622875,"neg CCorr, pos ImagCoh, high PLV"
-0.7353786199512613,2.373576680927502,-0.9885789853109465,0.8625684984803732,0.8786257769624515,0.27022673924622875,"neg CCorr, pos ImagCoh, high PLV"
-0.678174712150319,-2.6050701456395005,-0.9885789853109465,0.8625684984803732,0.8786257769624515,0.27022673924622875,"neg CCorr, pos ImagCoh, high PLV"
1.5250977430368815,-0.15860009698207378,-0.9885789853109465,0.8625684984803732,0.8786257769624515,0.27022673924622875,"neg CCorr, pos ImagCoh, high PLV"
-1.2413089668495378,-2.711681226693239,-0.9885789853109465,0.8625684984803732,0.8786257769624515,0.27022673924622875,"neg CCorr, pos ImagCoh, high PLV"
-1.2514528817728827,-2.9997705753424024,-0.9885789853109465,0.8625684984803732,0.8786257769624515,0.27022673924622875,"neg CCorr, pos ImagCoh, high PLV"
2.572269924795788,0.6167353887958895,-0.9885789853109465,0.8625684984803732,0.8786257769624515,0.27022673924622875,"neg CCorr, pos ImagCoh, high PLV"
1.5006583228426473,-0.534991239412526,-0.9885789853109465,0.8625684984803732,0.8786257769624515,0.27022673924622875,"neg CCorr, pos ImagCoh, high PLV"
1.843461302122713,0.38916841815241554,-0.9885789853109465,0.8625684984803732,0.8786257769624515,0.27022673924622875,"neg CCorr, pos ImagCoh, high PLV"
1.7982689611660287,-0.5999881952080552,-0.9885789853109465,0.8625684984803732,0.8786257769624515,0.27022673924622875,"neg CCorr, pos ImagCoh, high PLV"
-1.2516358284562035,2.814335759489433,-0.9885789853109465,0.8625684984803732,0.8786257769624515,0.27022673924622875,"neg CCorr, pos ImagCoh, high PLV"
-1.037707436794288,-2.8971130757483436,-0.9885789853109465,0.8625684984803732,0.8786257769624515,0.27022673924622875,"neg CCorr, pos ImagCoh, high PLV"
-1.1576471761715743,2.4484813547449695,-0.9885789853109465,0.8625684984803732,0.8786257769624515,0.27022673924622875,"neg CCorr, pos ImagCoh, high PLV"
1.1193347414477426,2.656724836510427,-0.9363326414725303,0.009672231021092877,0.011318192947986642,0.08465778249654926,"neg CCorr, no ImagCoh, low PLV"
-2.459769720722152,-1.3714248243658478,-0.9363326414725303,0.009672231021092877,0.011318192947986642,0.08465778249654926,"neg CCorr, no ImagCoh, low PLV"
-2.374984423588492,-1.2216477501666592,-0.9363326414725303,0.009672231021092877,0.011318192947986642,0.08465778249654926,"neg CCorr, no ImagCoh, low PLV"
-0.6640238792370425,-2.3325317580760005,-0.9363326414725303,0.009672231021092877,0.011318192947986642,0.08465778249654926,"neg CCorr, no ImagCoh, low PLV"
-1.746767102809762,-1.1696227186581303,-0.9363326414725303,0.009672231021092877,0.011318192947986642,0.08465778249654926,"neg CCorr, no ImagCoh, low PLV"
2.1272259211438147,0.7464752997725168,-0.9363326414725303,0.009672231021092877,0.011318192947986642,0.08465778249654926,"neg CCorr, no ImagCoh, low PLV"
-1.4294961913856628,-2.2554544066035023,-0.9363326414725303,0.009672231021092877,0.011318192947986642,0.08465778249654926,"neg CCorr, no ImagCoh, low PLV"
1.900022043841778,0.8044761087904511,-0.9363326414725303,0.009672231021092877,0.011318192947986642,0.08465778249654926,"neg CCorr, no ImagCoh, low PLV"
-1.3044428525835778,-2.0764873973492097,-0.9363326414725303,0.009672231021092877,0.011318192947986642,0.08465778249654926,"neg CCorr, no ImagCoh, low PLV"
0.8720773820719714,-2.6102123948519633,-0.9363326414725303,0.009672231021092877,0.011318192947986642,0.08465778249654926,"neg CCorr, no ImagCoh, low PLV"
0.7348198452246226,2.797364711640027,-0.9363326414725303,0.009672231021092877,0.011318192947986642,0.08465778249654926,"neg CCorr, no ImagCoh, low PLV"
-1.193697723032983,-2.1230715673440175,-0.9363326414725303,0.009672231021092877,0.011318192947986642,0.08465778249654926,"neg CCorr, no ImagCoh, low PLV"
-0.276338182685933,2.698684409392202,-0.9363326414725303,0.009672231021092877,0.011318192947986642,0.08465778249654926,"neg CCorr, no ImagCoh, low PLV"
-1.9055643879826583,-0.5324859819613543,-0.9363326414725303,0.009672231021092877,0.011318192947986642,0.08465778249654926,"neg CCorr, no ImagCoh, low PLV"
-2.237875892262107,-1.212436719084528,-0.9363326414725303,0.009672231021092877,0.011318192947986642,0.08465778249654926,"neg CCorr, no ImagCoh, low PLV"
-0.24060993276948528,2.6583730082948254,-0.9363326414725303,0.009672231021092877,0.011318192947986642,0.08465778249654926,"neg CCorr, no ImagCoh, low PLV"
-0.8516725363339575,-2.1274773148382278,-0.9363326414725303,0.009672231021092877,0.011318192947986642,0.08465778249654926,"neg CCorr, no ImagCoh, low PLV"
-2.473340004836098,-0.3240542577491299,-0.9363326414725303,0.009672231021092877,0.011318192947986642,0.08465778249654926,"neg CCorr, no ImagCoh, low PLV"
-0.402379215017989,-2.509829595356866,-0.9363326414725303,0.009672231021092877,0.011318192947986642,0.08465778249654926,"neg CCorr, no ImagCoh, low PLV"
2.710815041676013,0.4488752295693401,-0.9363326414725303,0.009672231021092877,0.011318192947986642,0.08465778249654926,"neg CCorr, no ImagCoh, low PLV"
-1.721604876736333,-1.113240676771202,-0.9929035217322162,-1.80931183550478e-4,0.8757921550776934,0.131485254373641,"neg CCorr, no ImagCoh, high PLV"
2.692198510885638,1.79319688667091,-0.9929035217322162,-1.80931183550478e-4,0.8757921550776934,0.131485254373641,"neg CCorr, no ImagCoh, high PLV"
2.166108577928255,2.4237874219149766,-0.9929035217322162,-1.80931183550478e-4,0.8757921550776934,0.131485254373641,"neg CCorr, no ImagCoh, high PLV"
-1.5612657680717281,-0.5408405300989614,-0.9929035217322162,-1.80931183550478e-4,0.8757921550776934,0.131485254373641,"neg CCorr, no ImagCoh, high PLV"
2.2594262379662213,1.878877867101946,-0.9929035217322162,-1.80931183550478e-4,0.8757921550776934,0.131485254373641,"neg CCorr, no ImagCoh, high PLV"
-0.9884295825738629,-1.3910798412019065,-0.9929035217322162,-1.80931183550478e-4,0.8757921550776934,0.131485254373641,"neg CCorr, no ImagCoh, high PLV"
1.5124366522687733,1.3569758663030331,-0.9929035217322162,-1.80931183550478e-4,0.8757921550776934,0.131485254373641,"neg CCorr, no ImagCoh, high PLV"
2.631699246985601,2.442076209316382,-0.9929035217322162,-1.80931183550478e-4,0.8757921550776934,0.131485254373641,"neg CCorr, no ImagCoh, high PLV"
-1.8270268511618646,-1.3099151931685287,-0.9929035217322162,-1.80931183550478e-4,0.8757921550776934,0.131485254373641,"neg CCorr, no ImagCoh, high PLV"
1.782596551547261,2.1109348990602106,-0.9929035217322162,-1.80931183550478e-4,0.8757921550776934,0.131485254373641,"neg CCorr, no ImagCoh, high PLV"
-0.7299392769465065,-0.8331414355706568,-0.9929035217322162,-1.80931183550478e-4,0.8757921550776934,0.131485254373641,"neg CCorr, no ImagCoh, high PLV"
2.5754004729328264,2.2157997313756805,-0.9929035217322162,-1.80931183550478e-4,0.8757921550776934,0.131485254373641,"neg CCorr, no ImagCoh, high PLV"
-0.8939532782508546,-1.3331860738998327,-0.9929035217322162,-1.80931183550478e-4,0.8757921550776934,0.131485254373641,"neg CCorr, no ImagCoh, high PLV"
-0.8308588327882318,-0.48856349485917994,-0.9929035217322162,-1.80931183550478e-4,0.8757921550776934,0.131485254373641,"neg CCorr, no ImagCoh, high PLV"
2.1310557338823157,2.0090280212697067,-0.9929035217322162,-1.80931183550478e-4,0.8757921550776934,0.131485254373641,"neg CCorr, no ImagCoh, high PLV"
2.32745820018195,1.6003260991827322,-0.9929035217322162,-1.80931183550478e-4,0.8757921550776934,0.131485254373641,"neg CCorr, no ImagCoh, high PLV"
-0.8609574915924698,-1.3885952957449013,-0.9929035217322162,-1.80931183550478e-4,0.8757921550776934,0.131485254373641,"neg CCorr, no ImagCoh, high PLV"
-1.4717262578202943,-0.6888779255249751,-0.9929035217322162,-1.80931183550478e-4,0.8757921550776934,0.131485254373641,"neg CCorr, no ImagCoh, high PLV"
1.6712814998342633,1.2721821471499908,-0.9929035217322162,-1.80931183550478e-4,0.8757921550776934,0.131485254373641,"neg CCorr, no ImagCoh, high PLV"
-0.8745995596336473,-1.3649747059096666,-0.9929035217322162,-1.80931183550478e-4,0.8757921550776934,0.131485254373641,"neg CCorr, no ImagCoh, high PLV"
-3.052213590341621,1.4374564538425458,-0.9337473080203135,-0.65240968906305,0.010947858886791294,0.42479086180342773,"neg CCorr, neg ImagCoh, low PLV"
0.08138341134003335,-0.9386286385875069,-0.9337473080203135,-0.65240968906305,0.010947858886791294,0.42479086180342773,"neg CCorr, neg ImagCoh, low PLV"
-1.845166071281763,-1.0730310669766996,-0.9337473080203135,-0.65240968906305,0.010947858886791294,0.42479086180342773,"neg CCorr, neg ImagCoh, low PLV"
-1.6127752687120411,-1.1857992279032428,-0.9337473080203135,-0.65240968906305,0.010947858886791294,0.42479086180342773,"neg CCorr, neg ImagCoh, low PLV"
1.3109093762030994,2.118113604847836,-0.9337473080203135,-0.65240968906305,0.010947858886791294,0.42479086180342773,"neg CCorr, neg ImagCoh, low PLV"
-1.8175733209272418,-0.1505384616168879,-0.9337473080203135,-0.65240968906305,0.010947858886791294,0.42479086180342773,"neg CCorr, neg ImagCoh, low PLV"
-2.664644925773935,1.9184262876638352,-0.9337473080203135,-0.65240968906305,0.010947858886791294,0.42479086180342773,"neg CCorr, neg ImagCoh, low PLV"
-2.6886875074953966,0.871598358324424,-0.9337473080203135,-0.65240968906305,0.010947858886791294,0.42479086180342773,"neg CCorr, neg ImagCoh, low PLV"
-2.0941714348974987,0.0018501832161286202,-0.9337473080203135,-0.65240968906305,0.010947858886791294,0.42479086180342773,"neg CCorr, neg ImagCoh, low PLV"
-1.332873277144878,-0.4190663777624408,-0.9337473080203135,-0.65240968906305,0.010947858886791294,0.42479086180342773,"neg CCorr, neg ImagCoh, low PLV"
-3.057534650567995,1.696416268398262,-0.9337473080203135,-0.65240968906305,0.010947858886791294,0.42479086180342773,"neg CCorr, neg ImagCoh, low PLV"
-2.163766497285481,0.15205293146635013,-0.9337473080203135,-0.65240968906305,0.010947858886791294,0.42479086180342773,"neg CCorr, neg ImagCoh, low PLV"
-2.9061696665688466,1.758880762318018,-0.9337473080203135,-0.65240968906305,0.010947858886791294,0.42479086180342773,"neg CCorr, neg ImagCoh, low PLV"
1.331805794599945,2.129966134941861,-0.9337473080203135,-0.65240968906305,0.010947858886791294,0.42479086180342773,"neg CCorr, neg ImagCoh, low PLV"
0.5235269151116877,-1.7118359662334275,-0.9337473080203135,-0.65240968906305,0.010947858886791294,0.42479086180342773,"neg CCorr, neg ImagCoh, low PLV"
-2.4887686030648575,1.220553126102602,-0.9337473080203135,-0.65240968906305,0.010947858886791294,0.42479086180342773,"neg CCorr, neg ImagCoh, low PLV"
-2.510452265956453,1.7100134029106355,-0.9337473080203135,-0.65240968906305,0.010947858886791294,0.42479086180342773,"neg CCorr, neg ImagCoh, low PLV"
1.0221240325743803,-2.4743891701837604,-0.9337473080203135,-0.65240968906305,0.010947858886791294,0.42479086180342773,"neg CCorr, neg ImagCoh, low PLV"
-1.7822114134932863,-0.5784768143269825,-0.9337473080203135,-0.65240968906305,0.010947858886791294,0.42479086180342773,"neg CCorr, neg ImagCoh, low PLV"
-1.6566486515059669,-1.2118138656201811,-0.9337473080203135,-0.65240968906305,0.010947858886791294,0.42479086180342773,"neg CCorr, neg ImagCoh, low PLV"
0.7376878697865004,3.1103024128999577,-0.9901498493178039,-0.8887259414442914,0.9239135116986416,0.19721069753926324,"neg CCorr, neg ImagCoh, high PLV"
-2.4518698211910555,-0.015484780134675802,-0.9901498493178039,-0.8887259414442914,0.9239135116986416,0.19721069753926324,"neg CCorr, neg ImagCoh, high PLV"
-2.0172059425300954,0.43277516657137793,-0.9901498493178039,-0.8887259414442914,0.9239135116986416,0.19721069753926324,"neg CCorr, neg ImagCoh, high PLV"
-2.4028565956849075,0.34262803475863857,-0.9901498493178039,-0.8887259414442914,0.9239135116986416,0.19721069753926324,"neg CCorr, neg ImagCoh, high PLV"
0.7459833306628862,3.1346130348606573,-0.9901498493178039,-0.8887259414442914,0.9239135116986416,0.19721069753926324,"neg CCorr, neg ImagCoh, high PLV"
-2.3742524847117283,-0.09025022803853933,-0.9901498493178039,-0.8887259414442914,0.9239135116986416,0.19721069753926324,"neg CCorr, neg ImagCoh, high PLV"
-2.8124720662248417,-0.48334236217804705,-0.9901498493178039,-0.8887259414442914,0.9239135116986416,0.19721069753926324,"neg CCorr, neg ImagCoh, high PLV"
0.584192543518617,1.9848759357412575,-0.9901498493178039,-0.8887259414442914,0.9239135116986416,0.19721069753926324,"neg CCorr, neg ImagCoh, high PLV"
0.6717483705016805,2.7745567596315626,-0.9901498493178039,-0.8887259414442914,0.9239135116986416,0.19721069753926324,"neg CCorr, neg ImagCoh, high PLV"
0.4876128438778937,2.5029964820216968,-0.9901498493178039,-0.8887259414442914,0.9239135116986416,0.19721069753926324,"neg CCorr, neg ImagCoh, high PLV"
1.3460168631651355,-2.759568296399049,-0.9901498493178039,-0.8887259414442914,0.9239135116986416,0.19721069753926324,"neg CCorr, neg ImagCoh, high PLV"
1.244497363156185,3.1046718123742743,-0.9901498493178039,-0.8887259414442914,0.9239135116986416,0.19721069753926324,"neg CCorr, neg ImagCoh, high PLV"
-2.5410726335319556,-0.5510075093887439,-0.9901498493178039,-0.8887259414442914,0.9239135116986416,0.19721069753926324,"neg CCorr, neg ImagCoh, high PLV"
-1.7673920665165728,-0.07825928833919882,-0.9901498493178039,-0.8887259414442914,0.9239135116986416,0.19721069753926324,"neg CCorr, neg ImagCoh, high PLV"
1.156705961011899,2.9886752604237143,-0.9901498493178039,-0.8887259414442914,0.9239135116986416,0.19721069753926324,"neg CCorr, neg ImagCoh, high PLV"
1.2626267583182633,3.116175535984823,-0.9901498493178039,-0.8887259414442914,0.9239135116986416,0.19721069753926324,"neg CCorr, neg ImagCoh, high PLV"
-2.5149909137064923,0.05396041214775815,-0.9901498493178039,-0.8887259414442914,0.9239135116986416,0.19721069753926324,"neg CCorr, neg ImagCoh, high PLV"
-1.960719974942816,-0.05074780747273522,-0.9901498493178039,-0.8887259414442914,0.9239135116986416,0.19721069753926324,"neg CCorr, neg ImagCoh, high PLV"
1.637039349396967,2.8350664863217023,-0.9901498493178039,-0.8887259414442914,0.9239135116986416,0.19721069753926324,"neg CCorr, neg ImagCoh, high PLV"
-1.9983036131379182,-0.48335596292742977,-0.9901498493178039,-0.8887259414442914,0.9239135116986416,0.19721069753926324,"neg CCorr, neg ImagCoh, high PLV"
