feature,i,score
plv_alpha_Fp1,0,0.532345068137573
plv_alpha_Fp1,1,0.49323092089049536
plv_alpha_Fp1,2,0.4712952509972153
plv_alpha_Fp1,3,0.5079675656619073
plv_alpha_Fp1,4,0.4549982509036998
plv_alpha_Fp1,5,0.5041112097012718
plv_alpha_Fp1,6,0.5013888888888889
plv_alpha_Fp1,7,0.4980403780917564
plv_alpha_Fp1,8,0.4928121709607409
plv_alpha_Fp1,9,0.5025105708245243
plv_alpha_AF3,0,0.49772874756651525
plv_alpha_AF3,1,0.5118048139324736
plv_alpha_AF3,2,0.49820877549484455
plv_alpha_AF3,3,0.49911863211704566
plv_alpha_AF3,4,0.49678499441954993
plv_alpha_AF3,5,0.5045400769003253
plv_alpha_AF3,6,0.507235142118863
plv_alpha_AF3,7,0.4942281724467279
plv_alpha_AF3,8,0.49654038721877214
plv_alpha_AF3,9,0.5110112755461593
plv_alpha_F7,0,0.5013181375730046
plv_alpha_F7,1,0.49969604863221884
plv_alpha_F7,2,0.4964551817566042
plv_alpha_F7,3,0.5130178036312356
plv_alpha_F7,4,0.504364411720611
plv_alpha_F7,5,0.4984028393966282
plv_alpha_F7,6,0.4857558139534884
plv_alpha_F7,7,0.4915110496327767
plv_alpha_F7,8,0.49709908245052326
plv_alpha_F7,9,0.505223749119098
plv_alpha_F3,0,0.4870619727449708
plv_alpha_F3,1,0.5211615871190339
plv_alpha_F3,2,0.5167682697373372
plv_alpha_F3,3,0.5211880839062224
plv_alpha_F3,4,0.4858656360880212
plv_alpha_F3,5,0.5050724637681159
plv_alpha_F3,6,0.5018733850129199
plv_alpha_F3,7,0.5029311991568686
plv_alpha_F3,8,0.5093903775490469
plv_alpha_F3,9,0.47598661028893585
plv_alpha_FC1,0,0.5076857560025957
plv_alpha_FC1,1,0.4742955721679126
plv_alpha_FC1,2,0.5334989087077595
plv_alpha_FC1,3,0.5172571831482461
plv_alpha_FC1,4,0.4837167463477203
plv_alpha_FC1,5,0.5008725229222124
plv_alpha_FC1,6,0.5223837209302326
plv_alpha_FC1,7,0.512243520073774
plv_alpha_FC1,8,0.5023314781786535
plv_alpha_FC1,9,0.4962737843551797
plv_alpha_FC5,0,0.47546236210253084
plv_alpha_FC5,1,0.5248500780415675
plv_alpha_FC5,2,0.5000903138405961
plv_alpha_FC5,3,0.49992949056936364
plv_alpha_FC5,4,0.4705818660358815
plv_alpha_FC5,5,0.49242827565808933
plv_alpha_FC5,6,0.5212209302325581
plv_alpha_FC5,7,0.5145160227908968
plv_alpha_FC5,8,0.5149773298665578
plv_alpha_FC5,9,0.5016384778012685
plv_alpha_T7,0,0.5186161583387411
plv_alpha_T7,1,0.509299268873737
plv_alpha_T7,2,0.49139760668322424
plv_alpha_T7,3,0.5054292261589988
plv_alpha_T7,4,0.49006346720860894
plv_alpha_T7,5,0.49717539189588883
plv_alpha_T7,6,0.48853359173126615
plv_alpha_T7,7,0.4843888943780259
plv_alpha_T7,8,0.5007950662913381
plv_alpha_T7,9,0.49857293868921776
plv_alpha_C3,0,0.4533987670343933
plv_alpha_C3,1,0.5120019715764397
plv_alpha_C3,2,0.4894709114171747
plv_alpha_C3,3,0.5149568129737352
plv_alpha_C3,4,0.4871982808882077
plv_alpha_C3,5,0.5116533569949718
plv_alpha_C3,6,0.5135335917312661
plv_alpha_C3,7,0.4886127852978955
plv_alpha_C3,8,0.5039108666222576
plv_alpha_C3,9,0.4773608174770965
plv_alpha_CP1,0,0.5009125567813109
plv_alpha_CP1,1,0.49564610202908077
plv_alpha_CP1,2,0.5029126213592233
plv_alpha_CP1,3,0.5307949938304248
plv_alpha_CP1,4,0.49285369225899955
plv_alpha_CP1,5,0.4831854480922804
plv_alpha_CP1,6,0.4972545219638243
plv_alpha_CP1,7,0.531740934690248
plv_alpha_CP1,8,0.5113458108601757
plv_alpha_CP1,9,0.4909619450317124
plv_alpha_CP5,0,0.5210902011680727
plv_alpha_CP5,1,0.4983077302226238
plv_alpha_CP5,2,0.4820200195679988
plv_alpha_CP5,3,0.5069011105235325
plv_alpha_CP5,4,0.4999250387299895
plv_alpha_CP5,5,0.5199792960662526
plv_alpha_CP5,6,0.5159237726098191
plv_alpha_CP5,7,0.5452030431775516
plv_alpha_CP5,8,0.503943099039474
plv_alpha_CP5,9,0.4772815362931642
plv_alpha_P7,0,0.5137491888384166
plv_alpha_P7,1,0.4778608395629672
plv_alpha_P7,2,0.48375103484609017
plv_alpha_P7,3,0.54613960867266
plv_alpha_P7,4,0.4795439023171362
plv_alpha_P7,5,0.49653948535936115
plv_alpha_P7,6,0.497609819121447
plv_alpha_P7,7,0.5056400882653229
plv_alpha_P7,8,0.5580720716848959
plv_alpha_P7,9,0.4962737843551797
plv_alpha_P3,0,0.5293437702790396
plv_alpha_P3,1,0.4616117637394233
plv_alpha_P3,2,0.4651539098366825
plv_alpha_P3,3,0.5127445795875198
plv_alpha_P3,4,0.5214305941930003
plv_alpha_P3,5,0.49785566400473236
plv_alpha_P3,6,0.49932170542635657
plv_alpha_P3,7,0.5412261634225867
plv_alpha_P3,8,0.5364226314545415
plv_alpha_P3,9,0.5070560253699788
plv_alpha_Pz,0,0.4815460739779364
plv_alpha_Pz,1,0.4851721021933788
plv_alpha_Pz,2,0.4861443516218861
plv_alpha_Pz,3,0.49199717962277456
plv_alpha_Pz,4,0.5086955073212174
plv_alpha_Pz,5,0.5139307897071872
plv_alpha_Pz,6,0.5417958656330749
plv_alpha_Pz,7,0.48570628725751736
plv_alpha_Pz,8,0.48141263940520446
plv_alpha_Pz,9,0.505100422832981
plv_alpha_PO3,0,0.49399740428293315
plv_alpha_PO3,1,0.511862318245297
plv_alpha_PO3,2,0.4624670730789494
plv_alpha_PO3,3,0.5209941829719725
plv_alpha_PO3,4,0.5292765404540987
plv_alpha_PO3,5,0.5103667553978113
plv_alpha_PO3,6,0.5024547803617572
plv_alpha_PO3,7,0.5089994401080262
plv_alpha_PO3,8,0.5034596127812279
plv_alpha_PO3,9,0.5132840028188865
plv_alpha_O1,0,0.4987832576249189
plv_alpha_O1,1,0.48815411155836685
plv_alpha_O1,2,0.49687664634605255
plv_alpha_O1,3,0.505270579940067
plv_alpha_O1,4,0.5040978827605738
plv_alpha_O1,5,0.5073203194321206
plv_alpha_O1,6,0.5692506459948321
plv_alpha_O1,7,0.5270888910845437
plv_alpha_O1,8,0.5241850570513785
plv_alpha_O1,9,0.4943798449612403
plv_alpha_Oz,0,0.4711226476314082
plv_alpha_Oz,1,0.5069333771461431
plv_alpha_Oz,2,0.4982765108752916
plv_alpha_Oz,3,0.5158646218931782
plv_alpha_Oz,4,0.5116189968516266
plv_alpha_Oz,5,0.4901804199940846
plv_alpha_Oz,6,0.5185400516795866
plv_alpha_Oz,7,0.5129845535684879
plv_alpha_Oz,8,0.4979263811590777
plv_alpha_Oz,9,0.5016032417195208
plv_alpha_O2,0,0.48397955872809867
plv_alpha_O2,1,0.50897067280046
plv_alpha_O2,2,0.48098141040114395
plv_alpha_O2,3,0.5023973206416359
plv_alpha_O2,4,0.5362979127450818
plv_alpha_O2,5,0.5206152026027803
plv_alpha_O2,6,0.510109819121447
plv_alpha_O2,7,0.5116012910450219
plv_alpha_O2,8,0.47601908159099215
plv_alpha_O2,9,0.5123942917547568
plv_alpha_PO4,0,0.48393900064892925
plv_alpha_PO4,1,0.5355294504230674
plv_alpha_PO4,2,0.499984947693234
plv_alpha_PO4,3,0.5138374757623831
plv_alpha_PO4,4,0.49849244556978894
plv_alpha_PO4,5,0.5128808044957114
plv_alpha_PO4,6,0.4786498708010336
plv_alpha_PO4,7,0.5045697065507361
plv_alpha_PO4,8,0.47961836818015774
plv_alpha_PO4,9,0.5075669485553206
plv_alpha_P4,0,0.5015209279688514
plv_alpha_P4,1,0.5202415181138585
plv_alpha_P4,2,0.5097237901708437
plv_alpha_P4,3,0.492896174863388
plv_alpha_P4,4,0.49258716329896224
plv_alpha_P4,5,0.5018633540372671
plv_alpha_P4,6,0.4988372093023256
plv_alpha_P4,7,0.5056977242038007
plv_alpha_P4,8,0.5115821819197628
plv_alpha_P4,9,0.528523608174771
plv_alpha_P8,0,0.4771455223880597
plv_alpha_P8,1,0.4988827733508585
plv_alpha_P8,2,0.4889741852938963
plv_alpha_P8,3,0.4982196368764322
plv_alpha_P8,4,0.4693574986257101
plv_alpha_P8,5,0.4747855664004732
plv_alpha_P8,6,0.5001291989664083
plv_alpha_P8,7,0.4807084280209465
plv_alpha_P8,8,0.4725594688097643
plv_alpha_P8,9,0.5164728682170543
plv_alpha_CP6,0,0.5040152498377677
plv_alpha_CP6,1,0.4819518606752649
plv_alpha_CP6,2,0.4982765108752916
plv_alpha_CP6,3,0.5059227921734533
plv_alpha_CP6,4,0.5015575286102181
plv_alpha_CP6,5,0.4905057675244011
plv_alpha_CP6,6,0.5049095607235142
plv_alpha_CP6,7,0.4957184731416527
plv_alpha_CP6,8,0.49772224251670716
plv_alpha_CP6,9,0.5147374911909796
plv_alpha_CP2,0,0.511984912394549
plv_alpha_CP2,1,0.5108025959089789
plv_alpha_CP2,2,0.5045533227967186
plv_alpha_CP2,3,0.4870174510840825
plv_alpha_CP2,4,0.4940863886991721
plv_alpha_CP2,5,0.502913339248743
plv_alpha_CP2,6,0.5083010335917313
plv_alpha_CP2,7,0.4869742779040279
plv_alpha_CP2,8,0.5047811418871005
plv_alpha_CP2,9,0.48896229739252994
plv_alpha_C4,0,0.507665476963011
plv_alpha_C4,1,0.49171937895342155
plv_alpha_C4,2,0.506254233461278
plv_alpha_C4,3,0.4347082672307421
plv_alpha_C4,4,0.4649264546650897
plv_alpha_C4,5,0.5148624667258208
plv_alpha_C4,6,0.54515503875969
plv_alpha_C4,7,0.5362777064189969
plv_alpha_C4,8,0.4871929862260137
plv_alpha_C4,9,0.529748062015504
plv_alpha_T8,0,0.5172574626865671
plv_alpha_T8,1,0.4998028423560339
plv_alpha_T8,2,0.5244976292616843
plv_alpha_T8,3,0.5160849638639168
plv_alpha_T8,4,0.5095533974113374
plv_alpha_T8,5,0.5188701567583556
plv_alpha_T8,6,0.5417635658914729
plv_alpha_T8,7,0.5053107400454501
plv_alpha_T8,8,0.48149859251778154
plv_alpha_T8,9,0.5019644115574349
plv_alpha_FC6,0,0.47840282284231017
plv_alpha_FC6,1,0.4969440565185246
plv_alpha_FC6,2,0.5371942500188154
plv_alpha_FC6,3,0.4956196016217169
plv_alpha_FC6,4,0.500449767620063
plv_alpha_FC6,5,0.5049393670511683
plv_alpha_FC6,6,0.488468992248062
plv_alpha_FC6,7,0.5044297335572901
plv_alpha_FC6,8,0.4838515589745793
plv_alpha_FC6,9,0.4948467230443975
plv_alpha_FC2,0,0.46931781310837123
plv_alpha_FC2,1,0.5075823543908651
plv_alpha_FC2,2,0.49614660946790096
plv_alpha_FC2,3,0.49874845760620484
plv_alpha_FC2,4,0.4945028401992304
plv_alpha_FC2,5,0.49745637385388936
plv_alpha_FC2,6,0.4635658914728682
plv_alpha_FC2,7,0.4709432533017159
plv_alpha_FC2,8,0.4867524765240561
plv_alpha_FC2,9,0.4821793516560958
plv_alpha_F4,0,0.4805929591174562
plv_alpha_F4,1,0.5119444672636162
plv_alpha_F4,2,0.49655302175058325
plv_alpha_F4,3,0.4789441212762207
plv_alpha_F4,4,0.484349752627809
plv_alpha_F4,5,0.5145962732919255
plv_alpha_F4,6,0.4440891472868217
plv_alpha_F4,7,0.5074268023581332
plv_alpha_F4,8,0.4943915594043449
plv_alpha_F4,9,0.4921952078928823
plv_alpha_F8,0,0.5183728098637248
plv_alpha_F8,1,0.5067444344040088
plv_alpha_F8,2,0.5062768119214269
plv_alpha_F8,3,0.5020095187731359
plv_alpha_F8,4,0.48825606769835583
plv_alpha_F8,5,0.4825939071280686
plv_alpha_F8,6,0.4803940568475452
plv_alpha_F8,7,0.511362513585614
plv_alpha_F8,8,0.5016760856952532
plv_alpha_F8,9,0.5076109936575053
plv_alpha_AF4,0,0.5176833225178455
plv_alpha_AF4,1,0.47921629836523455
plv_alpha_AF4,2,0.4893053360427485
plv_alpha_AF4,3,0.5157059756742465
plv_alpha_AF4,4,0.45035065216304904
plv_alpha_AF4,5,0.49665779355220346
plv_alpha_AF4,6,0.4983850129198966
plv_alpha_AF4,7,0.49986826071205087
plv_alpha_AF4,8,0.501267808410512
plv_alpha_AF4,9,0.5072410147991543
plv_alpha_Fp2,0,0.4873458792991564
plv_alpha_Fp2,1,0.48386593280210305
plv_alpha_Fp2,2,0.4850229547678182
plv_alpha_Fp2,3,0.49161819143310415
plv_alpha_Fp2,4,0.4669587379853742
plv_alpha_Fp2,5,0.4923839100857734
plv_alpha_Fp2,6,0.4782945736434109
plv_alpha_Fp2,7,0.4900042815268583
plv_alpha_Fp2,8,0.507424200098846
plv_alpha_Fp2,9,0.5204809725158562
plv_alpha_Fz,0,0.4994524659312135
plv_alpha_Fz,1,0.4885073523371396
plv_alpha_Fz,2,0.4809061488673139
plv_alpha_Fz,3,0.5112286268288383
plv_alpha_Fz,4,0.4925705052389599
plv_alpha_Fz,5,0.4878586217095534
plv_alpha_Fz,6,0.5224483204134367
plv_alpha_Fz,7,0.4999588314725159
plv_alpha_Fz,8,0.49362872553022324
plv_alpha_Fz,9,0.5040873854827344
plv_alpha_Cz,0,0.4951938676184296
plv_alpha_Cz,1,0.5091596155425943
plv_alpha_Cz,2,0.49907428313389024
plv_alpha_Cz,3,0.5163229331923145
plv_alpha_Cz,4,0.4728806783162033
plv_alpha_Cz,5,0.4966134279798876
plv_alpha_Cz,6,0.4970284237726098
plv_alpha_Cz,7,0.5375209959490169
plv_alpha_Cz,8,0.5200055869523175
plv_alpha_Cz,9,0.5068269908386187
plv_theta_Fp1,0,0.4852976963011032
plv_theta_Fp1,1,0.5361044935513021
plv_theta_Fp1,2,0.48475201324602996
plv_theta_Fp1,3,0.49820200951877314
plv_theta_Fp1,4,0.5250870383635122
plv_theta_Fp1,5,0.5119491274770778
plv_theta_Fp1,6,0.46001291989664084
plv_theta_Fp1,7,0.5162533346507262
plv_theta_Fp1,8,0.5105937211251262
plv_theta_Fp1,9,0.5184196617336152
plv_theta_AF3,0,0.46728990914990265
plv_theta_AF3,1,0.5193543087160108
plv_theta_AF3,2,0.5060510273199368
plv_theta_AF3,3,0.48116516834126566
plv_theta_AF3,4,0.4807765987573087
plv_theta_AF3,5,0.510854776693286
plv_theta_AF3,6,0.462015503875969
plv_theta_AF3,7,0.5418189902183579
plv_theta_AF3,8,0.5021380836753551
plv_theta_AF3,9,0.48520084566596194
plv_theta_F7,0,0.466945165476963
plv_theta_F7,1,0.468060461677483
plv_theta_F7,2,0.4989914954466772
plv_theta_F7,3,0.5135466243610083
plv_theta_F7,4,0.46788326031550365
plv_theta_F7,5,0.516784974859509
plv_theta_F7,6,0.47025193798449616
plv_theta_F7,7,0.5198596976583342
plv_theta_F7,8,0.4969056879472248
plv_theta_F7,9,0.5050475687103594
plv_theta_F3,0,0.49675535366645035
plv_theta_F3,1,0.5013390289986035
plv_theta_F3,2,0.5053736735154662
plv_theta_F3,3,0.5275427463423232
plv_theta_F3,4,0.5185487498125968
plv_theta_F3,5,0.5019372966577935
plv_theta_F3,6,0.5147286821705427
plv_theta_F3,7,0.5128775153970293
plv_theta_F3,8,0.5413434471495799
plv_theta_F3,9,0.5186222692036646
plv_theta_FC1,0,0.5096528228423102
plv_theta_FC1,1,0.4743037870697445
plv_theta_FC1,2,0.5161059682396327
plv_theta_FC1,3,0.49304600740349025
plv_theta_FC1,4,0.49990838066998716
plv_theta_FC1,5,0.4943803608399882
plv_theta_FC1,6,0.49315245478036174
plv_theta_FC1,7,0.49848499818858477
plv_theta_FC1,8,0.5097234458602833
plv_theta_FC1,9,0.528400281888654
plv_theta_FC5,0,0.4848312783906554
plv_theta_FC5,1,0.5003203811714451
plv_theta_FC5,2,0.4880785730413186
plv_theta_FC5,3,0.5122157588577472
plv_theta_FC5,4,0.4969515750195732
plv_theta_FC5,5,0.5356699201419699
plv_theta_FC5,6,0.5050064599483204
plv_theta_FC5,7,0.4941540690972565
plv_theta_FC5,8,0.5058018350989535
plv_theta_FC5,9,0.4927061310782241
plv_theta_T7,0,0.5167099286177806
plv_theta_T7,1,0.46280292450505217
plv_theta_T7,2,0.49628208022879505
plv_theta_T7,3,0.5165432751630531
plv_theta_T7,4,0.5214139361329979
plv_theta_T7,5,0.5182194616977226
plv_theta_T7,6,0.4915374677002584
plv_theta_T7,7,0.4825033758192537
plv_theta_T7,8,0.5149021208930529
plv_theta_T7,9,0.520516208597604
plv_theta_C3,0,0.45637978585334193
plv_theta_C3,1,0.49866918590322845
plv_theta_C3,2,0.5061338150071498
plv_theta_C3,3,0.4981315000881368
plv_theta_C3,4,0.4688244407056354
plv_theta_C3,5,0.4792812777284827
plv_theta_C3,6,0.4982881136950904
plv_theta_C3,7,0.48667786450614237
plv_theta_C3,8,0.4764273588757333
plv_theta_C3,9,0.48583509513742074
plv_theta_CP1,0,0.49420019467878
plv_theta_CP1,1,0.4778936991702949
plv_theta_CP1,2,0.5108150824113795
plv_theta_CP1,3,0.508919442975498
plv_theta_CP1,4,0.5087954556812314
plv_theta_CP1,5,0.4941437444543034
plv_theta_CP1,6,0.5049418604651162
plv_theta_CP1,7,0.49729111089154565
plv_theta_CP1,8,0.4716891935449212
plv_theta_CP1,9,0.5105708245243129
plv_theta_CP5,0,0.4705751135626217
plv_theta_CP5,1,0.5001478682329746
plv_theta_CP5,2,0.5108451870249116
plv_theta_CP5,3,0.4915653093601269
plv_theta_CP5,4,0.5323166364045243
plv_theta_CP5,5,0.5065513161786453
plv_theta_CP5,6,0.4905361757105943
plv_theta_CP5,7,0.49850969930507527
plv_theta_CP5,8,0.5169757397339751
plv_theta_CP5,9,0.5217494714587738
plv_theta_P7,0,0.5159393251135627
plv_theta_P7,1,0.516134067197897
plv_theta_P7,2,0.4981034093474825
plv_theta_P7,3,0.4701216287678477
plv_theta_P7,4,0.517957388682514
plv_theta_P7,5,0.5225672877846791
plv_theta_P7,6,0.48478682170542636
plv_theta_P7,7,0.4779666040905049
plv_theta_P7,8,0.5106474418204869
plv_theta_P7,9,0.5261715997181113
plv_theta_P3,0,0.4941190785204413
plv_theta_P3,1,0.4895177852624661
plv_theta_P3,2,0.464551817566042
plv_theta_P3,3,0.5079234972677595
plv_theta_P3,4,0.49466109176925255
plv_theta_P3,5,0.49948240165631475
plv_theta_P3,6,0.48801679586563307
plv_theta_P3,7,0.4830468003820439
plv_theta_P3,8,0.4847862990738552
plv_theta_P3,9,0.4985377026074701
plv_theta_Pz,0,0.5115184944841012
plv_theta_Pz,1,0.5155590240696624
plv_theta_Pz,2,0.4909836682471589
plv_theta_Pz,3,0.49158293671778597
plv_theta_Pz,4,0.501607502790225
plv_theta_Pz,5,0.5104998521147589
plv_theta_Pz,6,0.5038759689922481
plv_theta_Pz,7,0.4931001547936633
plv_theta_Pz,8,0.5247437522831295
plv_theta_Pz,9,0.5174947145877379
plv_theta_PO3,0,0.5160812783906554
plv_theta_PO3,1,0.5167666146389551
plv_theta_PO3,2,0.4868217054263566
plv_theta_PO3,3,0.49899524061343203
plv_theta_PO3,4,0.47713681264679914
plv_theta_PO3,5,0.5074386276249631
plv_theta_PO3,6,0.5108527131782945
plv_theta_PO3,7,0.5188222507657346
plv_theta_PO3,8,0.5109805101317232
plv_theta_PO3,9,0.5324612403100775
plv_theta_O1,0,0.5136883517196625
plv_theta_O1,1,0.5143842931076974
plv_theta_O1,2,0.4877323699857003
plv_theta_O1,3,0.5296932839767319
plv_theta_O1,4,0.48290883043760724
plv_theta_O1,5,0.4738391008577344
plv_theta_O1,6,0.4966731266149871
plv_theta_O1,7,0.528925007410335
plv_theta_O1,8,0.5059307647678192
plv_theta_O1,9,0.49953312191684285
plv_theta_Oz,0,0.4950316353017521
plv_theta_Oz,1,0.503532407787727
plv_theta_Oz,2,0.4995032738767216
plv_theta_Oz,3,0.5043187026264763
plv_theta_Oz,4,0.5012243674101714
plv_theta_Oz,5,0.49267968056787936
plv_theta_Oz,6,0.5189599483204135
plv_theta_Oz,7,0.5041168527484109
plv_theta_Oz,8,0.5124309689064616
plv_theta_Oz,9,0.5420014094432699
plv_theta_O2,0,0.5075843608046723
plv_theta_O2,1,0.5446890659656617
plv_theta_O2,2,0.5150447806126289
plv_theta_O2,3,0.5513573065397497
plv_theta_O2,4,0.5353817194449534
plv_theta_O2,5,0.48708961845607807
plv_theta_O2,6,0.5102713178294573
plv_theta_O2,7,0.49081118466554685
plv_theta_O2,8,0.514203751853364
plv_theta_O2,9,0.47852360817477096
plv_theta_PO4,0,0.5064081765087606
plv_theta_PO4,1,0.49578575536022346
plv_theta_PO4,2,0.49230074508918487
plv_theta_PO4,3,0.48694694165344615
plv_theta_PO4,4,0.48849760956838967
plv_theta_PO4,5,0.5234693877551021
plv_theta_PO4,6,0.5066537467700258
plv_theta_PO4,7,0.4972334749530679
plv_theta_PO4,8,0.5255925392698283
plv_theta_PO4,9,0.5011363636363636
plv_theta_P4,0,0.4889479234263465
plv_theta_P4,1,0.48529532572085765
plv_theta_P4,2,0.47867840746594414
plv_theta_P4,3,0.4971708090957166
plv_theta_P4,4,0.5241125418533757
plv_theta_P4,5,0.516784974859509
plv_theta_P4,6,0.4904715762273902
plv_theta_P4,7,0.48600270065540296
plv_theta_P4,8,0.5035133334765886
plv_theta_P4,9,0.515776955602537
plv_theta_P8,0,0.5181902985074627
plv_theta_P8,1,0.4807606999096361
plv_theta_P8,2,0.5271769398660344
plv_theta_P8,3,0.5075621364357483
plv_theta_P8,4,0.48418317202778566
plv_theta_P8,5,0.4939367051168293
plv_theta_P8,6,0.5007105943152454
plv_theta_P8,7,0.46869545170108357
plv_theta_P8,8,0.489427767153018
plv_theta_P8,9,0.4651603241719521
plv_theta_CP6,0,0.504055807916937
plv_theta_CP6,1,0.4804156740326953
plv_theta_CP6,2,0.499992473846617
plv_theta_CP6,3,0.5053146483342147
plv_theta_CP6,4,0.510178074661425
plv_theta_CP6,5,0.5046435965690624
plv_theta_CP6,6,0.5033268733850129
plv_theta_CP6,7,0.49865790600401805
plv_theta_CP6,8,0.48945999957023445
plv_theta_CP6,9,0.4967494714587738
plv_theta_CP2,0,0.45642034393251135
plv_theta_CP2,1,0.5042635340507682
plv_theta_CP2,2,0.4971551140212237
plv_theta_CP2,3,0.5062841530054645
plv_theta_CP2,4,0.5199396978227916
plv_theta_CP2,5,0.4939958592132505
plv_theta_CP2,6,0.5225129198966408
plv_theta_CP2,7,0.4910911306524388
plv_theta_CP2,8,0.4986354943378387
plv_theta_CP2,9,0.491023608174771
plv_theta_C4,0,0.5453033744321869
plv_theta_C4,1,0.5126345190174978
plv_theta_C4,2,0.5034620305561828
plv_theta_C4,3,0.5278071567072096
plv_theta_C4,4,0.4851659975679232
plv_theta_C4,5,0.4712954747116238
plv_theta_C4,6,0.48594961240310075
plv_theta_C4,7,0.4696999637716958
plv_theta_C4,8,0.5221436706276726
plv_theta_C4,9,0.5185694150810429
plv_theta_T8,0,0.5057389682024659
plv_theta_T8,1,0.5071058900846135
plv_theta_T8,2,0.5046436366373147
plv_theta_T8,3,0.4757183148246078
plv_theta_T8,4,0.49138778297879426
plv_theta_T8,5,0.5003845016267376
plv_theta_T8,6,0.5135335917312661
plv_theta_T8,7,0.4988719823469354
plv_theta_T8,8,0.49852805294711733
plv_theta_T8,9,0.4802677942212826
plv_theta_FC6,0,0.5195084360804673
plv_theta_FC6,1,0.5008132752813603
plv_theta_FC6,2,0.49991721231278696
plv_theta_FC6,3,0.5261061166931077
plv_theta_FC6,4,0.4925621762089587
plv_theta_FC6,5,0.493818396923987
plv_theta_FC6,6,0.508656330749354
plv_theta_FC6,7,0.5055989197378388
plv_theta_FC6,8,0.49876442400670434
plv_theta_FC6,9,0.5132487667371388
plv_theta_FC2,0,0.5193867618429591
plv_theta_FC2,1,0.5016511952682166
plv_theta_FC2,2,0.5026416798374351
plv_theta_FC2,3,0.5228009871320289
plv_theta_FC2,4,0.5113774549815928
plv_theta_FC2,5,0.48124815143448685
plv_theta_FC2,6,0.49463824289405683
plv_theta_FC2,7,0.5042485920363601
plv_theta_FC2,8,0.519651030362937
plv_theta_FC2,9,0.48291930937279776
plv_theta_F4,0,0.5239292667099287
plv_theta_F4,1,0.497757331799885
plv_theta_F4,2,0.5166026943629111
plv_theta_F4,3,0.5185880486515071
plv_theta_F4,4,0.4901800736286252
plv_theta_F4,5,0.46875184856551316
plv_theta_F4,6,0.49722222222222223
plv_theta_F4,7,0.5169943681454401
plv_theta_F4,8,0.5213271160581903
plv_theta_F4,9,0.5022022551092318
plv_theta_F8,0,0.5107276119402986
plv_theta_F8,1,0.49282017579889925
plv_theta_F8,2,0.47864077669902916
plv_theta_F8,3,0.5260444209413009
plv_theta_F8,4,0.5205477170128767
plv_theta_F8,5,0.5080597456373854
plv_theta_F8,6,0.5181847545219638
plv_theta_F8,7,0.48978197147844416
plv_theta_F8,8,0.4882888884113716
plv_theta_F8,9,0.5097603946441156
plv_theta_AF4,0,0.49488968202465927
plv_theta_AF4,1,0.5062679700977573
plv_theta_AF4,2,0.4989839692932942
plv_theta_AF4,3,0.5075004406839415
plv_theta_AF4,4,0.5333744232146724
plv_theta_AF4,5,0.47509612540668444
plv_theta_AF4,6,0.5149547803617571
plv_theta_AF4,7,0.5004281526858347
plv_theta_AF4,8,0.5496486666523411
plv_theta_AF4,9,0.5137773079633545
plv_theta_Fp2,0,0.530418559377028
plv_theta_Fp2,1,0.49699334592951616
plv_theta_Fp2,2,0.5070670580266426
plv_theta_Fp2,3,0.5143134144191785
plv_theta_Fp2,4,0.5045476503806366
plv_theta_Fp2,5,0.49389233954451345
plv_theta_Fp2,6,0.5199612403100775
plv_theta_Fp2,7,0.5232025820900438
plv_theta_Fp2,8,0.5212304188065411
plv_theta_Fp2,9,0.4898784355179704
plv_theta_Fz,0,0.5281067488643738
plv_theta_Fz,1,0.5109504641419536
plv_theta_Fz,2,0.5011213968540679
plv_theta_Fz,3,0.4816587343557201
plv_theta_Fz,4,0.4890806416684713
plv_theta_Fz,5,0.5301685891748004
plv_theta_Fz,6,0.4994832041343669
plv_theta_Fz,7,0.4985179330105721
plv_theta_Fz,8,0.47794228248490445
plv_theta_Fz,9,0.5074788583509513
plv_theta_Cz,0,0.5004055807916937
plv_theta_Cz,1,0.5134477942988581
plv_theta_Cz,2,0.49488974185293894
plv_theta_Cz,3,0.489458840119866
plv_theta_Cz,4,0.49741800069963854
plv_theta_Cz,5,0.4788819875776398
plv_theta_Cz,6,0.5148255813953488
plv_theta_Cz,7,0.45954780489411456
plv_theta_Cz,8,0.48508713496787503
plv_theta_Cz,9,0.4880813953488372
ccorr_alpha_Fp1,0,0.5051305970149254
ccorr_alpha_Fp1,1,0.48597716257290724
ccorr_alpha_Fp1,2,0.4923157973959509
ccorr_alpha_Fp1,3,0.4998854221752159
ccorr_alpha_Fp1,4,0.48272559177758156
ccorr_alpha_Fp1,5,0.5234989648033126
ccorr_alpha_Fp1,6,0.47771317829457366
ccorr_alpha_Fp1,7,0.5071468563712414
ccorr_alpha_Fp1,8,0.48390527966994007
ccorr_alpha_Fp1,9,0.4712209302325582
ccorr_alpha_AF3,0,0.5091255678131084
ccorr_alpha_AF3,1,0.5320052575371724
ccorr_alpha_AF3,2,0.5225107247685707
ccorr_alpha_AF3,3,0.5386920500616957
ccorr_alpha_AF3,4,0.5016658060002332
ccorr_alpha_AF3,5,0.5182490387459332
ccorr_alpha_AF3,6,0.49224806201550386
ccorr_alpha_AF3,7,0.5109837631327603
ccorr_alpha_AF3,8,0.5022347809270044
ccorr_alpha_AF3,9,0.4999911909795631
ccorr_alpha_F7,0,0.5048061323815705
ccorr_alpha_F7,1,0.49475889263123307
ccorr_alpha_F7,2,0.49735832016256487
ccorr_alpha_F7,3,0.48863035430988894
ccorr_alpha_F7,4,0.4856740683979944
ccorr_alpha_F7,5,0.50075421472937
ccorr_alpha_F7,6,0.45849483204134367
ccorr_alpha_F7,7,0.49424463985772155
ccorr_alpha_F7,8,0.4834647699679825
ccorr_alpha_F7,9,0.47700845665961944
ccorr_alpha_F3,0,0.490914990266061
ccorr_alpha_F3,1,0.5101207590569292
ccorr_alpha_F3,2,0.5059005042522766
ccorr_alpha_F3,3,0.5470386039132734
ccorr_alpha_F3,4,0.48046009561726444
ccorr_alpha_F3,5,0.517332150251405
ccorr_alpha_F3,6,0.4852390180878553
ccorr_alpha_F3,7,0.4795392418403978
ccorr_alpha_F3,8,0.5080903367213185
ccorr_alpha_F3,9,0.4726832276250881
ccorr_alpha_FC1,0,0.5134247242050617
ccorr_alpha_FC1,1,0.49617185574632383
ccorr_alpha_FC1,2,0.5286821705426357
ccorr_alpha_FC1,3,0.5008989952406134
ccorr_alpha_FC1,4,0.5029734637104163
ccorr_alpha_FC1,5,0.48203194321206744
ccorr_alpha_FC1,6,0.5147609819121447
ccorr_alpha_FC1,7,0.44502354839772085
ccorr_alpha_FC1,8,0.5024711519865913
ccorr_alpha_FC1,9,0.49829985905567303
ccorr_alpha_FC5,0,0.53704980532122
ccorr_alpha_FC5,1,0.5225581204304608
ccorr_alpha_FC5,2,0.5161661774666968
ccorr_alpha_FC5,3,0.510329631588225
ccorr_alpha_FC5,4,0.5103446552614482
ccorr_alpha_FC5,5,0.49797397219757467
ccorr_alpha_FC5,6,0.505749354005168
ccorr_alpha_FC5,7,0.4795886440733788
ccorr_alpha_FC5,8,0.49460644218578764
ccorr_alpha_FC5,9,0.47187279774489077
ccorr_alpha_T7,0,0.5023929266709929
ccorr_alpha_T7,1,0.5007146964593773
ccorr_alpha_T7,2,0.49844208624971775
ccorr_alpha_T7,3,0.4920412480169223
ccorr_alpha_T7,4,0.497093168529593
ccorr_alpha_T7,5,0.513265306122449
ccorr_alpha_T7,6,0.5097868217054264
ccorr_alpha_T7,7,0.4886704212363732
ccorr_alpha_T7,8,0.48906246642456536
ccorr_alpha_T7,9,0.49898696264975334
ccorr_alpha_C3,0,0.46179428942245293
ccorr_alpha_C3,1,0.5029820093649882
ccorr_alpha_C3,2,0.5178369835177241
ccorr_alpha_C3,3,0.534673012515424
ccorr_alpha_C3,4,0.4946527627392514
ccorr_alpha_C3,5,0.4758059745637385
ccorr_alpha_C3,6,0.5466731266149871
ccorr_alpha_C3,7,0.5095922669037973
ccorr_alpha_C3,8,0.4986784708941273
ccorr_alpha_C3,9,0.5369890768146582
ccorr_alpha_CP1,0,0.5232195003244646
ccorr_alpha_CP1,1,0.5293107697363016
ccorr_alpha_CP1,2,0.517761721983894
ccorr_alpha_CP1,3,0.5076767142605323
ccorr_alpha_CP1,4,0.4975096200296514
ccorr_alpha_CP1,5,0.5173321502514049
ccorr_alpha_CP1,6,0.5275839793281654
ccorr_alpha_CP1,7,0.5325560715344333
ccorr_alpha_CP1,8,0.5036530072845263
ccorr_alpha_CP1,9,0.5157505285412263
ccorr_alpha_CP5,0,0.5172777417261518
ccorr_alpha_CP5,1,0.5130206194035981
ccorr_alpha_CP5,2,0.4853315270565214
ccorr_alpha_CP5,3,0.498977613255773
ccorr_alpha_CP5,4,0.4741466908763805
ccorr_alpha_CP5,5,0.5008577343981071
ccorr_alpha_CP5,6,0.5314922480620154
ccorr_alpha_CP5,7,0.5130174883904752
ccorr_alpha_CP5,8,0.4946171863248598
ccorr_alpha_CP5,9,0.514684637068358
ccorr_alpha_P7,0,0.49693786502271253
ccorr_alpha_P7,1,0.49376488950957037
ccorr_alpha_P7,2,0.5096033717167157
ccorr_alpha_P7,3,0.49673893883306897
ccorr_alpha_P7,4,0.49138778297879426
ccorr_alpha_P7,5,0.4880065069506064
ccorr_alpha_P7,6,0.4982881136950904
ccorr_alpha_P7,7,0.5100698218226131
ccorr_alpha_P7,8,0.5119689709263597
ccorr_alpha_P7,9,0.5059637068357998
ccorr_alpha_P3,0,0.46962199870214144
ccorr_alpha_P3,1,0.5094389222048796
ccorr_alpha_P3,2,0.4888989237600663
ccorr_alpha_P3,3,0.5021946060285564
ccorr_alpha_P3,4,0.5201229364828173
ccorr_alpha_P3,5,0.5164152617568767
ccorr_alpha_P3,6,0.5070736434108527
ccorr_alpha_P3,7,0.4840924809801403
ccorr_alpha_P3,8,0.5159120699658336
ccorr_alpha_P3,9,0.496229739252995
ccorr_alpha_Pz,0,0.4791125892277742
ccorr_alpha_Pz,1,0.4995974698102358
ccorr_alpha_Pz,2,0.5120192669526605
ccorr_alpha_Pz,3,0.5080645161290323
ccorr_alpha_Pz,4,0.5045726374706402
ccorr_alpha_Pz,5,0.5039485359361136
ccorr_alpha_Pz,6,0.5204134366925065
ccorr_alpha_Pz,7,0.5138737937621447
ccorr_alpha_Pz,8,0.5024281754303028
ccorr_alpha_Pz,9,0.5271317829457364
ccorr_alpha_PO3,0,0.47268413367942896
ccorr_alpha_PO3,1,0.4938470385278896
ccorr_alpha_PO3,2,0.49514563106796117
ccorr_alpha_PO3,3,0.4557377049180328
ccorr_alpha_PO3,4,0.4928870083790042
ccorr_alpha_PO3,5,0.4525732031943212
ccorr_alpha_PO3,6,0.4938630490956072
ccorr_alpha_PO3,7,0.4984026611336166
ccorr_alpha_PO3,8,0.4989685626490749
ccorr_alpha_PO3,9,0.4893322762508809
ccorr_alpha_O1,0,0.5126135626216742
ccorr_alpha_O1,1,0.5010022180234946
ccorr_alpha_O1,2,0.4980958831940995
ccorr_alpha_O1,3,0.49768200246783006
ccorr_alpha_O1,4,0.5027152637803801
ccorr_alpha_O1,5,0.5065069506063296
ccorr_alpha_O1,6,0.505264857881137
ccorr_alpha_O1,7,0.4969452952606791
ccorr_alpha_O1,8,0.5078539656617315
ccorr_alpha_O1,9,0.5037438336856942
ccorr_alpha_Oz,0,0.4986615833874108
ccorr_alpha_Oz,1,0.5016758399737123
ccorr_alpha_Oz,2,0.5075863626100701
ccorr_alpha_Oz,3,0.49256125506786536
ccorr_alpha_Oz,4,0.49997501290999646
ccorr_alpha_Oz,5,0.5194321206743566
ccorr_alpha_Oz,6,0.4968023255813953
ccorr_alpha_Oz,7,0.4927543391627968
ccorr_alpha_Oz,8,0.5004297655628854
ccorr_alpha_Oz,9,0.5033738548273432
ccorr_alpha_O2,0,0.4785650551589877
ccorr_alpha_O2,1,0.5076152139981926
ccorr_alpha_O2,2,0.4998946338526379
ccorr_alpha_O2,3,0.49438568658558085
ccorr_alpha_O2,4,0.5044893471706285
ccorr_alpha_O2,5,0.4882874889086069
ccorr_alpha_O2,6,0.5062984496124031
ccorr_alpha_O2,7,0.5043309290913283
ccorr_alpha_O2,8,0.5024711519865913
ccorr_alpha_O2,9,0.513354474982382
ccorr_alpha_PO4,0,0.48600746268656714
ccorr_alpha_PO4,1,0.4937731044114023
ccorr_alpha_PO4,2,0.5048317904718898
ccorr_alpha_PO4,3,0.5290763264586639
ccorr_alpha_PO4,4,0.4772450900368143
ccorr_alpha_PO4,5,0.4951197870452529
ccorr_alpha_PO4,6,0.5034560723514212
ccorr_alpha_PO4,7,0.497274643480552
ccorr_alpha_PO4,8,0.5131938027805832
ccorr_alpha_PO4,9,0.5098572938689218
ccorr_alpha_P4,0,0.48483127839065543
ccorr_alpha_P4,1,0.5030477285796435
ccorr_alpha_P4,2,0.5547452397079853
ccorr_alpha_P4,3,0.5100916622598273
ccorr_alpha_P4,4,0.4999666838799953
ccorr_alpha_P4,5,0.4536379769299024
ccorr_alpha_P4,6,0.5031653746770026
ccorr_alpha_P4,7,0.4849981885847907
ccorr_alpha_P4,8,0.4487397124868384
ccorr_alpha_P4,9,0.49709302325581395
ccorr_alpha_P8,0,0.4989252109020117
ccorr_alpha_P8,1,0.5140310523289247
ccorr_alpha_P8,2,0.48503048092120116
ccorr_alpha_P8,3,0.5149920676890534
ccorr_alpha_P8,4,0.5159584214822341
ccorr_alpha_P8,5,0.5089174800354925
ccorr_alpha_P8,6,0.4982881136950904
ccorr_alpha_P8,7,0.510119224055594
ccorr_alpha_P8,8,0.4911145969873434
ccorr_alpha_P8,9,0.5020965468639887
ccorr_alpha_CP6,0,0.5237467553536664
ccorr_alpha_CP6,1,0.4658424381828637
ccorr_alpha_CP6,2,0.5218258448107173
ccorr_alpha_CP6,3,0.477683765203596
ccorr_alpha_CP6,4,0.49837583914977257
ccorr_alpha_CP6,5,0.47947352854185155
ccorr_alpha_CP6,6,0.5020671834625323
ccorr_alpha_CP6,7,0.5222063037249284
ccorr_alpha_CP6,8,0.5256570041042612
ccorr_alpha_CP6,9,0.4785059901338971
ccorr_alpha_CP2,0,0.4973840038935756
ccorr_alpha_CP2,1,0.5003368109751088
ccorr_alpha_CP2,2,0.5068789041920674
ccorr_alpha_CP2,3,0.4824960338445267
ccorr_alpha_CP2,4,0.5073878496110343
ccorr_alpha_CP2,5,0.4980627033422065
ccorr_alpha_CP2,6,0.4693798449612403
ccorr_alpha_CP2,7,0.49450811843361986
ccorr_alpha_CP2,8,0.45734576788361947
ccorr_alpha_CP2,9,0.4794749823819591
ccorr_alpha_C4,0,0.5038732965606749
ccorr_alpha_C4,1,0.5011665160601331
ccorr_alpha_C4,2,0.5029351998193723
ccorr_alpha_C4,3,0.5220341970738587
ccorr_alpha_C4,4,0.5163332278322866
ccorr_alpha_C4,5,0.48850931677018633
ccorr_alpha_C4,6,0.4855297157622739
ccorr_alpha_C4,7,0.5055165826828706
ccorr_alpha_C4,8,0.5231536197004534
ccorr_alpha_C4,9,0.4831395348837209
ccorr_alpha_T8,0,0.47345473718364695
ccorr_alpha_T8,1,0.5285714285714286
ccorr_alpha_T8,2,0.47803868442838865
ccorr_alpha_T8,3,0.46113167636171337
ccorr_alpha_T8,4,0.49089637020872545
ccorr_alpha_T8,5,0.4839100857734398
ccorr_alpha_T8,6,0.5009043927648579
ccorr_alpha_T8,7,0.5163109705892039
ccorr_alpha_T8,8,0.48126222145819453
ccorr_alpha_T8,9,0.47973044397463
ccorr_alpha_FC6,0,0.5068137573004543
ccorr_alpha_FC6,1,0.4969604863221885
ccorr_alpha_FC6,2,0.4893655452698126
ccorr_alpha_FC6,3,0.47767495152476647
ccorr_alpha_FC6,4,0.5076127334210658
ccorr_alpha_FC6,5,0.4998077491866312
ccorr_alpha_FC6,6,0.5133720930232558
ccorr_alpha_FC6,7,0.4911981688238975
ccorr_alpha_FC6,8,0.48388379139179577
ccorr_alpha_FC6,9,0.48822233967582807
ccorr_alpha_FC2,0,0.5112548669695003
ccorr_alpha_FC2,1,0.48732440647334263
ccorr_alpha_FC2,2,0.507593888763453
ccorr_alpha_FC2,3,0.5078529878371232
ccorr_alpha_FC2,4,0.49998334193999766
ccorr_alpha_FC2,5,0.508488612836439
ccorr_alpha_FC2,6,0.5003875968992247
ccorr_alpha_FC2,7,0.5042403583308632
ccorr_alpha_FC2,8,0.5012463201323678
ccorr_alpha_FC2,9,0.5053206483439041
ccorr_alpha_F4,0,0.4994524659312135
ccorr_alpha_F4,1,0.48516388729154686
ccorr_alpha_F4,2,0.5086927071573719
ccorr_alpha_F4,3,0.48831306187202533
ccorr_alpha_F4,4,0.5043560826906098
ccorr_alpha_F4,5,0.4880804495711328
ccorr_alpha_F4,6,0.510077519379845
ccorr_alpha_F4,7,0.49757105687843756
ccorr_alpha_F4,8,0.505361325396996
ccorr_alpha_F4,9,0.49127906976744184
ccorr_alpha_F8,0,0.5141953277092797
ccorr_alpha_F8,1,0.48573071551794955
ccorr_alpha_F8,2,0.5175810943027019
ccorr_alpha_F8,3,0.4888506962806275
ccorr_alpha_F8,4,0.49139611200879546
ccorr_alpha_F8,5,0.5052942916296953
ccorr_alpha_F8,6,0.4946382428940569
ccorr_alpha_F8,7,0.4917168922701973
ccorr_alpha_F8,8,0.48508713496787503
ccorr_alpha_F8,9,0.5085095137420719
ccorr_alpha_AF4,0,0.5578966580142765
ccorr_alpha_AF4,1,0.5314466442126017
ccorr_alpha_AF4,2,0.5121246331000227
ccorr_alpha_AF4,3,0.4909395381632293
ccorr_alpha_AF4,4,0.48138461794739384
ccorr_alpha_AF4,5,0.4650547175391896
ccorr_alpha_AF4,6,0.4749677002583979
ccorr_alpha_AF4,7,0.49059710832262954
ccorr_alpha_AF4,8,0.5304274018522895
ccorr_alpha_AF4,9,0.4864781536293164
ccorr_alpha_Fp2,0,0.4757665476963011
ccorr_alpha_Fp2,1,0.5129056107779513
ccorr_alpha_Fp2,2,0.5336945886957176
ccorr_alpha_Fp2,3,0.49084258769610434
ccorr_alpha_Fp2,4,0.5029734637104163
ccorr_alpha_Fp2,5,0.5356107660455487
ccorr_alpha_Fp2,6,0.46382428940568476
ccorr_alpha_Fp2,7,0.48084016730889567
ccorr_alpha_Fp2,8,0.5167716010916046
ccorr_alpha_Fp2,9,0.4789288231148696
ccorr_alpha_Fz,0,0.4927806619078521
ccorr_alpha_Fz,1,0.49679618828554994
ccorr_alpha_Fz,2,0.49797546473997145
ccorr_alpha_Fz,3,0.4864533756389917
ccorr_alpha_Fz,4,0.4928203761389949
ccorr_alpha_Fz,5,0.49291629695356404
ccorr_alpha_Fz,6,0.48714470284237726
ccorr_alpha_Fz,7,0.4796380463063597
ccorr_alpha_Fz,8,0.4939295614242431
ccorr_alpha_Fz,9,0.5015063424947146
ccorr_alpha_Cz,0,0.5015209279688514
ccorr_alpha_Cz,1,0.49657438593608805
ccorr_alpha_Cz,2,0.4661097313163242
ccorr_alpha_Cz,3,0.5218491098184381
ccorr_alpha_Cz,4,0.4942696273591977
ccorr_alpha_Cz,5,0.4780538302277433
ccorr_alpha_Cz,6,0.5106589147286822
ccorr_alpha_Cz,7,0.5155534696834964
ccorr_alpha_Cz,8,0.4989900509272192
ccorr_alpha_Cz,9,0.483861874559549
ccorr_theta_Fp1,0,0.49010382868267355
ccorr_theta_Fp1,1,0.49242586051096693
ccorr_theta_Fp1,2,0.5192970572740273
ccorr_theta_Fp1,3,0.4882778071567072
ccorr_theta_Fp1,4,0.5059136113008279
ccorr_theta_Fp1,5,0.49538598047914817
ccorr_theta_Fp1,6,0.5035852713178295
ccorr_theta_Fp1,7,0.5202713829331752
ccorr_theta_Fp1,8,0.5094763306616241
ccorr_theta_Fp1,9,0.5273255813953488
ccorr_theta_AF3,0,0.48977936404931866
ccorr_theta_AF3,1,0.5072866179249158
ccorr_theta_AF3,2,0.5061563934672989
ccorr_theta_AF3,3,0.5287678476996298
ccorr_theta_AF3,4,0.5188402658626377
ccorr_theta_AF3,5,0.5129547471162378
ccorr_theta_AF3,6,0.4837855297157623
ccorr_theta_AF3,7,0.5317985706287258
ccorr_theta_AF3,8,0.5047381653308121
ccorr_theta_AF3,9,0.507047216349542
ccorr_theta_F7,0,0.49523442569759896
ccorr_theta_F7,1,0.5070976751827816
ccorr_theta_F7,2,0.49248889892376013
ccorr_theta_F7,3,0.5200070509430637
ccorr_theta_F7,4,0.5365810997651214
ccorr_theta_F7,5,0.49454303460514637
ccorr_theta_F7,6,0.4892764857881137
ccorr_theta_F7,7,0.49307545367717287
ccorr_theta_F7,8,0.4979048928809334
ccorr_theta_F7,9,0.4759601832276251
ccorr_theta_F3,0,0.44796398442569757
ccorr_theta_F3,1,0.4767025384046661
ccorr_theta_F3,2,0.4893655452698126
ccorr_theta_F3,3,0.5028468182619426
ccorr_theta_F3,4,0.4859322683280305
ccorr_theta_F3,5,0.5006654835847383
ccorr_theta_F3,6,0.4975452196382429
ccorr_theta_F3,7,0.5028735632183908
ccorr_theta_F3,8,0.49462793046393194
ccorr_theta_F3,9,0.4993393234672304
ccorr_theta_FC1,0,0.5138708630759247
ccorr_theta_FC1,1,0.48769407705577916
ccorr_theta_FC1,2,0.5030255136599684
ccorr_theta_FC1,3,0.5031905517362948
ccorr_theta_FC1,4,0.48112641801735767
ccorr_theta_FC1,5,0.48461993493049393
ccorr_theta_FC1,6,0.4998708010335917
ccorr_theta_FC1,7,0.46887659322201364
ccorr_theta_FC1,8,0.4999785117218557
ccorr_theta_FC1,9,0.4936751233262861
ccorr_theta_FC5,0,0.48844094743672944
ccorr_theta_FC5,1,0.47252115337221723
ccorr_theta_FC5,2,0.5028223075186272
ccorr_theta_FC5,3,0.49256125506786536
ccorr_theta_FC5,4,0.46960736952574506
ccorr_theta_FC5,5,0.5112540668441289
ccorr_theta_FC5,6,0.49867571059431526
ccorr_theta_FC5,7,0.5156358067384647
ccorr_theta_FC5,8,0.48821367943786664
ccorr_theta_FC5,9,0.46976744186046515
ccorr_theta_T7,0,0.5125527255029201
ccorr_theta_T7,1,0.49894027766368193
ccorr_theta_T7,2,0.5283886505606985
ccorr_theta_T7,3,0.48901815617838884
ccorr_theta_T7,4,0.5077793140210891
ccorr_theta_T7,5,0.5039633244602189
ccorr_theta_T7,6,0.5070090439276486
ccorr_theta_T7,7,0.49211211013404477
ccorr_theta_T7,8,0.4976040569869137
ccorr_theta_T7,9,0.47867336152219875
ccorr_theta_C3,0,0.4904891304347826
ccorr_theta_C3,1,0.49682904789287774
ccorr_theta_C3,2,0.4958380371791977
ccorr_theta_C3,3,0.4966243610082849
ccorr_theta_C3,4,0.4718062334460529
ccorr_theta_C3,5,0.4919698314108252
ccorr_theta_C3,6,0.48691860465116277
ccorr_theta_C3,7,0.48815993149557024
ccorr_theta_C3,8,0.4950147194705288
ccorr_theta_C3,9,0.4640503875968992
ccorr_theta_CP1,0,0.503609669046074
ccorr_theta_CP1,1,0.49813521728415344
ccorr_theta_CP1,2,0.4870851207947618
ccorr_theta_CP1,3,0.4744491450731535
ccorr_theta_CP1,4,0.501457580250204
ccorr_theta_CP1,5,0.5141969831410825
ccorr_theta_CP1,6,0.4860142118863049
ccorr_theta_CP1,7,0.4911487665909166
ccorr_theta_CP1,8,0.47980101854438406
ccorr_theta_CP1,9,0.5079281183932347
ccorr_theta_CP5,0,0.5056578520441272
ccorr_theta_CP5,1,0.5077959418384951
ccorr_theta_CP5,2,0.49877323699857
ccorr_theta_CP5,3,0.5082760444209413
ccorr_theta_CP5,4,0.49867568422981456
ccorr_theta_CP5,5,0.5022922212363206
ccorr_theta_CP5,6,0.5255813953488372
ccorr_theta_CP5,7,0.4787652735236966
ccorr_theta_CP5,8,0.51026065281389
ccorr_theta_CP5,9,0.5006166314305849
ccorr_theta_P7,0,0.5174196950032447
ccorr_theta_P7,1,0.4881130370492073
ccorr_theta_P7,2,0.5248363061639196
ccorr_theta_P7,3,0.49941829719725017
ccorr_theta_P7,4,0.4619529909546734
ccorr_theta_P7,5,0.5207778763679385
ccorr_theta_P7,6,0.49379844961240316
ccorr_theta_P7,7,0.5085054177782169
ccorr_theta_P7,8,0.4666287040419451
ccorr_theta_P7,9,0.500484496124031
ccorr_theta_P3,0,0.5147834198572356
ccorr_theta_P3,1,0.4781647909307484
ccorr_theta_P3,2,0.5166252728230601
ccorr_theta_P3,3,0.5224396263000176
ccorr_theta_P3,4,0.5168996018723659
ccorr_theta_P3,5,0.460854776693286
ccorr_theta_P3,6,0.518766149870801
ccorr_theta_P3,7,0.5155946382109805
ccorr_theta_P3,8,0.524228033607667
ccorr_theta_P3,9,0.508121916842847
ccorr_theta_Pz,0,0.5078682673588579
ccorr_theta_Pz,1,0.5200690051753881
ccorr_theta_Pz,2,0.5141717468202002
ccorr_theta_Pz,3,0.5218138551031201
ccorr_theta_Pz,4,0.4981759424297446
ccorr_theta_Pz,5,0.532712215320911
ccorr_theta_Pz,6,0.5221253229974161
ccorr_theta_Pz,7,0.49398116128182323
ccorr_theta_Pz,8,0.4874293572856007
ccorr_theta_Pz,9,0.4816155743481325
ccorr_theta_PO3,0,0.5276200519143414
ccorr_theta_PO3,1,0.49930994824611846
ccorr_theta_PO3,2,0.49689169865281857
ccorr_theta_PO3,3,0.48621540631059407
ccorr_theta_PO3,4,0.5027485799003848
ccorr_theta_PO3,5,0.4834516415261757
ccorr_theta_PO3,6,0.4838501291989664
ccorr_theta_PO3,7,0.4930425188551856
ccorr_theta_PO3,8,0.5004190214238133
ccorr_theta_PO3,9,0.49326990838618745
ccorr_theta_O1,0,0.47937621674237507
ccorr_theta_O1,1,0.4986445411977327
ccorr_theta_O1,2,0.4971701663279897
ccorr_theta_O1,3,0.5079234972677595
ccorr_theta_O1,4,0.49699322016957903
ccorr_theta_O1,5,0.48689736764270924
ccorr_theta_O1,6,0.48585271317829454
ccorr_theta_O1,7,0.4762539933471659
ccorr_theta_O1,8,0.49215677847734063
ccorr_theta_O1,9,0.4908121916842847
ccorr_theta_Oz,0,0.49517358857884486
ccorr_theta_Oz,1,0.4862646841370246
ccorr_theta_Oz,2,0.48526379167607436
ccorr_theta_Oz,3,0.5478318350079323
ccorr_theta_Oz,4,0.49052156385867307
ccorr_theta_Oz,5,0.5210292812777284
ccorr_theta_Oz,6,0.48766149870801034
ccorr_theta_Oz,7,0.5284803873135065
ccorr_theta_Oz,8,0.5228635279455057
ccorr_theta_Oz,9,0.44573643410852715
ccorr_theta_O2,0,0.48977936404931866
ccorr_theta_O2,1,0.5035488375913908
ccorr_theta_O2,2,0.49403176036727625
ccorr_theta_O2,3,0.5025824078970562
ccorr_theta_O2,4,0.5044893471706285
ccorr_theta_O2,5,0.49037267080745345
ccorr_theta_O2,6,0.5123385012919897
ccorr_theta_O2,7,0.4871471857194612
ccorr_theta_O2,8,0.5099060962245096
ccorr_theta_O2,9,0.5021934460887949
ccorr_theta_PO4,0,0.48765006489292667
ccorr_theta_PO4,1,0.4873490511788384
ccorr_theta_PO4,2,0.49766689245126816
ccorr_theta_PO4,3,0.5038339502908514
ccorr_theta_PO4,4,0.4930535889790275
ccorr_theta_PO4,5,0.49247264123040524
ccorr_theta_PO4,6,0.48801679586563307
ccorr_theta_PO4,7,0.5002634785758984
ccorr_theta_PO4,8,0.49544448503341426
ccorr_theta_PO4,9,0.4720665961945032
ccorr_theta_P4,0,0.49908744321868914
ccorr_theta_P4,1,0.48698759549823384
ccorr_theta_P4,2,0.5009181907127267
ccorr_theta_P4,3,0.5042834479111581
ccorr_theta_P4,4,0.507171294831004
ccorr_theta_P4,5,0.5155723158828749
ccorr_theta_P4,6,0.5024870801033592
ccorr_theta_P4,7,0.508546586305701
ccorr_theta_P4,8,0.5000322324172164
ccorr_theta_P4,9,0.5060341789992953
ccorr_theta_P8,0,0.5109101232965607
ccorr_theta_P8,1,0.5060954571592869
ccorr_theta_P8,2,0.4903891021299014
ccorr_theta_P8,3,0.49573417944650094
ccorr_theta_P8,4,0.48356682380769933
ccorr_theta_P8,5,0.4634279798876072
ccorr_theta_P8,6,0.5039405684754522
ccorr_theta_P8,7,0.48129302111122085
ccorr_theta_P8,8,0.48715000966972516
ccorr_theta_P8,9,0.49480267794221283
ccorr_theta_CP6,0,0.49150308241401686
ccorr_theta_CP6,1,0.5090528218187793
ccorr_theta_CP6,2,0.5160909159328667
ccorr_theta_CP6,3,0.5321699277278336
ccorr_theta_CP6,4,0.48473288800786263
ccorr_theta_CP6,5,0.49819580005915415
ccorr_theta_CP6,6,0.4808785529715762
ccorr_theta_CP6,7,0.4939893949873201
ccorr_theta_CP6,8,0.49638996927176227
ccorr_theta_CP6,9,0.5039816772374912
ccorr_theta_CP2,0,0.5540639195327709
ccorr_theta_CP2,1,0.4810400065719215
ccorr_theta_CP2,2,0.48941822834349363
ccorr_theta_CP2,3,0.5102062400846114
ccorr_theta_CP2,4,0.5024487348203428
ccorr_theta_CP2,5,0.5131026323572907
ccorr_theta_CP2,6,0.5303940568475451
ccorr_theta_CP2,7,0.4616803346177914
ccorr_theta_CP2,8,0.4685626490749296
ccorr_theta_CP2,9,0.5034443269908386
ccorr_theta_C4,0,0.5417139844256975
ccorr_theta_C4,1,0.5071387496919412
ccorr_theta_C4,2,0.5085346579363287
ccorr_theta_C4,3,0.5009254362771021
ccorr_theta_C4,4,0.5263447218936883
ccorr_theta_C4,5,0.5389677610174505
ccorr_theta_C4,6,0.5167958656330749
ccorr_theta_C4,7,0.48787998550867834
ccorr_theta_C4,8,0.47868362808088183
ccorr_theta_C4,9,0.5251937984496124
ccorr_theta_T8,0,0.4722988319273199
ccorr_theta_T8,1,0.5090446069169474
ccorr_theta_T8,2,0.496161661774667
ccorr_theta_T8,3,0.4961660497091486
ccorr_theta_T8,4,0.48833102896836633
ccorr_theta_T8,5,0.4933599526767229
ccorr_theta_T8,6,0.5118217054263566
ccorr_theta_T8,7,0.4912722721733689
ccorr_theta_T8,8,0.4921675226164127
ccorr_theta_T8,9,0.500246652572234
ccorr_theta_FC6,0,0.5181497404282933
ccorr_theta_FC6,1,0.5001396533311426
ccorr_theta_FC6,2,0.5025287875366901
ccorr_theta_FC6,3,0.4940772078265468
ccorr_theta_FC6,4,0.5097199780113608
ccorr_theta_FC6,5,0.4846051464063887
ccorr_theta_FC6,6,0.4889857881136951
ccorr_theta_FC6,7,0.5081925369693376
ccorr_theta_FC6,8,0.4896856264907493
ccorr_theta_FC6,9,0.5048009161381255
ccorr_theta_FC2,0,0.5012167423750811
ccorr_theta_FC2,1,0.49511213341000576
ccorr_theta_FC2,2,0.5094980055693535
ccorr_theta_FC2,3,0.4797020976555615
ccorr_theta_FC2,4,0.5160417117822458
ccorr_theta_FC2,5,0.5056048506359065
ccorr_theta_FC2,6,0.5103682170542636
ccorr_theta_FC2,7,0.5288920725883477
ccorr_theta_FC2,8,0.5202204697337602
ccorr_theta_FC2,9,0.5081835799859056
ccorr_theta_F4,0,0.5084158014276444
ccorr_theta_F4,1,0.49392918754620885
ccorr_theta_F4,2,0.5001881538345752
ccorr_theta_F4,3,0.5117310065221223
ccorr_theta_F4,4,0.49432793056920593
ccorr_theta_F4,5,0.4807453416149068
ccorr_theta_F4,6,0.49880490956072354
ccorr_theta_F4,7,0.4595313374831209
ccorr_theta_F4,8,0.4793390205642822
ccorr_theta_F4,9,0.5069767441860465
ccorr_theta_F8,0,0.4953763789746918
ccorr_theta_F8,1,0.5369588433418221
ccorr_theta_F8,2,0.49009558214796417
ccorr_theta_F8,3,0.4804512603560726
ccorr_theta_F8,4,0.5244290449934201
ccorr_theta_F8,5,0.4929162969535641
ccorr_theta_F8,6,0.49993540051679586
ccorr_theta_F8,7,0.5042897605638441
ccorr_theta_F8,8,0.4921675226164127
ccorr_theta_F8,9,0.500960183227625
ccorr_theta_AF4,0,0.4700884166125892
ccorr_theta_AF4,1,0.48757906843013227
ccorr_theta_AF4,2,0.4878828930533604
ccorr_theta_AF4,3,0.49581350255596685
ccorr_theta_AF4,4,0.5111692292315637
ccorr_theta_AF4,5,0.5158089322685596
ccorr_theta_AF4,6,0.5069121447028424
ccorr_theta_AF4,7,0.4863649836972631
ccorr_theta_AF4,8,0.49770075423856286
ccorr_theta_AF4,9,0.5064041578576463
ccorr_theta_Fp2,0,0.5094905905256327
ccorr_theta_Fp2,1,0.50128152468578
ccorr_theta_Fp2,2,0.5003913599759163
ccorr_theta_Fp2,3,0.4832275691873788
ccorr_theta_Fp2,4,0.45718045676400526
ccorr_theta_Fp2,5,0.4915113871635611
ccorr_theta_Fp2,6,0.4582687338501292
ccorr_theta_Fp2,7,0.5000247011164904
ccorr_theta_Fp2,8,0.4981197756623762
ccorr_theta_Fp2,9,0.5090116279069767
ccorr_theta_Fz,0,0.5027173913043478
ccorr_theta_Fz,1,0.47975026698430956
ccorr_theta_Fz,2,0.49963121848423264
ccorr_theta_Fz,3,0.4955755332275692
ccorr_theta_Fz,4,0.48186770168746146
ccorr_theta_Fz,5,0.5176427092576161
ccorr_theta_Fz,6,0.4976421188630491
ccorr_theta_Fz,7,0.46110397523301383
ccorr_theta_Fz,8,0.4761802436770741
ccorr_theta_Fz,9,0.4831219168428471
ccorr_theta_Cz,0,0.5138911421155093
ccorr_theta_Cz,1,0.5047564281606834
ccorr_theta_Cz,2,0.4917964928125235
ccorr_theta_Cz,3,0.5079323109465891
ccorr_theta_Cz,4,0.48598224250803745
ccorr_theta_Cz,5,0.48630582667849753
ccorr_theta_Cz,6,0.5196382428940569
ccorr_theta_Cz,7,0.49674768632875543
ccorr_theta_Cz,8,0.4953692760599093
ccorr_theta_Cz,9,0.49180761099365755
imagcoh_alpha_Fp1,0,0.4969581440622972
imagcoh_alpha_Fp1,1,0.5080998932062761
imagcoh_alpha_Fp1,2,0.5052607812147212
imagcoh_alpha_Fp1,3,0.48402080028203776
imagcoh_alpha_Fp1,4,0.5040479085805667
imagcoh_alpha_Fp1,5,0.5180272108843538
imagcoh_alpha_Fp1,6,0.49770671834625324
imagcoh_alpha_Fp1,7,0.5070892204327636
imagcoh_alpha_Fp1,8,0.5002256269205149
imagcoh_alpha_Fp1,9,0.48095489781536294
imagcoh_alpha_AF3,0,0.5085577547047372
imagcoh_alpha_AF3,1,0.497757331799885
imagcoh_alpha_AF3,2,0.5209603371716716
imagcoh_alpha_AF3,3,0.4792349726775956
imagcoh_alpha_AF3,4,0.4860155586280422
imagcoh_alpha_AF3,5,0.5066104702750666
imagcoh_alpha_AF3,6,0.5006459948320413
imagcoh_alpha_AF3,7,0.5069657148503112
imagcoh_alpha_AF3,8,0.4948535573844468
imagcoh_alpha_AF3,9,0.5136451726568005
imagcoh_alpha_F7,0,0.5473109993510707
imagcoh_alpha_F7,1,0.4967633286782223
imagcoh_alpha_F7,2,0.5209452848649055
imagcoh_alpha_F7,3,0.5049621011810329
imagcoh_alpha_F7,4,0.4954939947693691
imagcoh_alpha_F7,5,0.4823572907423839
imagcoh_alpha_F7,6,0.4998708010335917
imagcoh_alpha_F7,7,0.4953232552778052
imagcoh_alpha_F7,8,0.5010636697681414
imagcoh_alpha_F7,9,0.526083509513742
imagcoh_alpha_F3,0,0.49772874756651525
imagcoh_alpha_F3,1,0.4911114762178592
imagcoh_alpha_F3,2,0.507676676450666
imagcoh_alpha_F3,3,0.4520888418826018
imagcoh_alpha_F3,4,0.49870900034981924
imagcoh_alpha_F3,5,0.48396923986986096
imagcoh_alpha_F3,6,0.4983204134366925
imagcoh_alpha_F3,7,0.49977768995158584
imagcoh_alpha_F3,8,0.4839482562262286
imagcoh_alpha_F3,9,0.4921863988724454
imagcoh_alpha_FC1,0,0.4922736859182349
imagcoh_alpha_FC1,1,0.5274377721186232
imagcoh_alpha_FC1,2,0.5176413035297659
imagcoh_alpha_FC1,3,0.48321875550854926
imagcoh_alpha_FC1,4,0.4742632972963968
imagcoh_alpha_FC1,5,0.47176870748299315
imagcoh_alpha_FC1,6,0.5026162790697675
imagcoh_alpha_FC1,7,0.504018048282449
imagcoh_alpha_FC1,8,0.5111631604959495
imagcoh_alpha_FC1,9,0.4928999295278365
imagcoh_alpha_FC5,0,0.4982965606748864
imagcoh_alpha_FC5,1,0.5023658917275939
imagcoh_alpha_FC5,2,0.49281252351922933
imagcoh_alpha_FC5,3,0.4987572712850344
imagcoh_alpha_FC5,4,0.49593543335943097
imagcoh_alpha_FC5,5,0.4981366459627329
imagcoh_alpha_FC5,6,0.49790051679586567
imagcoh_alpha_FC5,7,0.4845865033099496
imagcoh_alpha_FC5,8,0.49273696198723593
imagcoh_alpha_FC5,9,0.508500704721635
imagcoh_alpha_T7,0,0.4690136275146009
imagcoh_alpha_T7,1,0.46781401462252525
imagcoh_alpha_T7,2,0.5074734703093249
imagcoh_alpha_T7,3,0.49048122686409307
imagcoh_alpha_T7,4,0.4757208775466009
imagcoh_alpha_T7,5,0.4773587695947944
imagcoh_alpha_T7,6,0.48481912144702843
imagcoh_alpha_T7,7,0.47398149063004313
imagcoh_alpha_T7,8,0.49670154930485416
imagcoh_alpha_T7,9,0.5016032417195208
imagcoh_alpha_C3,0,0.48448653471771574
imagcoh_alpha_C3,1,0.5118048139324736
imagcoh_alpha_C3,2,0.48530894859637236
imagcoh_alpha_C3,3,0.4824607791292085
imagcoh_alpha_C3,4,0.4984757875097866
imagcoh_alpha_C3,5,0.48226855959775217
imagcoh_alpha_C3,6,0.5112080103359173
imagcoh_alpha_C3,7,0.48974080295096
imagcoh_alpha_C3,8,0.49974214066226874
imagcoh_alpha_C3,9,0.4988195912614517
imagcoh_alpha_CP1,0,0.49566028552887736
imagcoh_alpha_CP1,1,0.49627864947013883
imagcoh_alpha_CP1,2,0.517799352750809
imagcoh_alpha_CP1,3,0.4933192314472061
imagcoh_alpha_CP1,4,0.49707651046959067
imagcoh_alpha_CP1,5,0.49831410825199646
imagcoh_alpha_CP1,6,0.48026485788113693
imagcoh_alpha_CP1,7,0.5028406283964035
imagcoh_alpha_CP1,8,0.5022992457614371
imagcoh_alpha_CP1,9,0.5150017618040874
imagcoh_alpha_CP5,0,0.5057592472420506
imagcoh_alpha_CP5,1,0.47671896820832993
imagcoh_alpha_CP5,2,0.5030179875065854
imagcoh_alpha_CP5,3,0.49940948351842057
imagcoh_alpha_CP5,4,0.5055887791307825
imagcoh_alpha_CP5,5,0.48603963324460214
imagcoh_alpha_CP5,6,0.5005813953488373
imagcoh_alpha_CP5,7,0.510168626288575
imagcoh_alpha_CP5,8,0.5172873197670671
imagcoh_alpha_CP5,9,0.5028100775193799
imagcoh_alpha_P7,0,0.4960861453601557
imagcoh_alpha_P7,1,0.4564774500944714
imagcoh_alpha_P7,2,0.5108527131782946
imagcoh_alpha_P7,3,0.49502027146130795
imagcoh_alpha_P7,4,0.492528860088954
imagcoh_alpha_P7,5,0.4754806270334221
imagcoh_alpha_P7,6,0.507687338501292
imagcoh_alpha_P7,7,0.4884810460099463
imagcoh_alpha_P7,8,0.5025141285428798
imagcoh_alpha_P7,9,0.4772639182522903
imagcoh_alpha_P3,0,0.5088011031797535
imagcoh_alpha_P3,1,0.5006818368520496
imagcoh_alpha_P3,2,0.46732144201098824
imagcoh_alpha_P3,3,0.493204653622422
imagcoh_alpha_P3,4,0.44472022788226084
imagcoh_alpha_P3,5,0.4862170955338657
imagcoh_alpha_P3,6,0.48753229974160206
imagcoh_alpha_P3,7,0.49147811481078946
imagcoh_alpha_P3,8,0.48616154887508867
imagcoh_alpha_P3,9,0.4943093727977449
imagcoh_alpha_Pz,0,0.5065906878650227
imagcoh_alpha_Pz,1,0.4829622936005915
imagcoh_alpha_Pz,2,0.48793557612704147
imagcoh_alpha_Pz,3,0.4574034902168165
imagcoh_alpha_Pz,4,0.5053555662907497
imagcoh_alpha_Pz,5,0.4745933155871044
imagcoh_alpha_Pz,6,0.49767441860465117
imagcoh_alpha_Pz,7,0.49464809142706584
imagcoh_alpha_Pz,8,0.4924361260932162
imagcoh_alpha_Pz,9,0.4834742776603242
imagcoh_alpha_PO3,0,0.4842431862426996
imagcoh_alpha_PO3,1,0.5016922697773762
imagcoh_alpha_PO3,2,0.4920072251072477
imagcoh_alpha_PO3,3,0.4891239203243434
imagcoh_alpha_PO3,4,0.5044310439606203
imagcoh_alpha_PO3,5,0.4894262052647146
imagcoh_alpha_PO3,6,0.49551033591731264
imagcoh_alpha_PO3,7,0.49287784474524915
imagcoh_alpha_PO3,8,0.49606764509959816
imagcoh_alpha_PO3,9,0.505100422832981
imagcoh_alpha_O1,0,0.5131610966904607
imagcoh_alpha_O1,1,0.4891974040910211
imagcoh_alpha_O1,2,0.510100097839994
imagcoh_alpha_O1,3,0.5033844526705447
imagcoh_alpha_O1,4,0.50607186287085
imagcoh_alpha_O1,5,0.4945282460810411
imagcoh_alpha_O1,6,0.4934431524547804
imagcoh_alpha_O1,7,0.4972499423640615
imagcoh_alpha_O1,8,0.5132045469196553
imagcoh_alpha_O1,9,0.5004933051444679
imagcoh_alpha_Oz,0,0.47237994808565864
imagcoh_alpha_Oz,1,0.49764232317423807
imagcoh_alpha_Oz,2,0.5033340859486716
imagcoh_alpha_Oz,3,0.47329455314648333
imagcoh_alpha_Oz,4,0.5002165547800304
imagcoh_alpha_Oz,5,0.5119343389529725
imagcoh_alpha_Oz,6,0.4902454780361757
imagcoh_alpha_Oz,7,0.5250798669433192
imagcoh_alpha_Oz,8,0.47353718546532864
imagcoh_alpha_Oz,9,0.5011363636363636
imagcoh_alpha_O2,0,0.505414503569111
imagcoh_alpha_O2,1,0.49799556395301076
imagcoh_alpha_O2,2,0.5003838338225333
imagcoh_alpha_O2,3,0.5220518244315178
imagcoh_alpha_O2,4,0.5102030617514285
imagcoh_alpha_O2,5,0.5184560780834072
imagcoh_alpha_O2,6,0.48352713178294576
imagcoh_alpha_O2,7,0.5290567466982841
imagcoh_alpha_O2,8,0.4915228742720846
imagcoh_alpha_O2,9,0.531069415081043
imagcoh_alpha_PO4,0,0.49710009733939
imagcoh_alpha_PO4,1,0.4971576439661546
imagcoh_alpha_PO4,2,0.48256190261157517
imagcoh_alpha_PO4,3,0.44837828309536404
imagcoh_alpha_PO4,4,0.4872399260382136
imagcoh_alpha_PO4,5,0.4981514344868382
imagcoh_alpha_PO4,6,0.507235142118863
imagcoh_alpha_PO4,7,0.47380858281460986
imagcoh_alpha_PO4,8,0.518232804005415
imagcoh_alpha_PO4,9,0.49559548978153634
imagcoh_alpha_P4,0,0.4989454899415964
imagcoh_alpha_P4,1,0.49194118130288345
imagcoh_alpha_P4,2,0.5105892978098894
imagcoh_alpha_P4,3,0.45583465538515777
imagcoh_alpha_P4,4,0.49725974912961635
imagcoh_alpha_P4,5,0.5087991718426501
imagcoh_alpha_P4,6,0.49609173126614986
imagcoh_alpha_P4,7,0.4919886045515924
imagcoh_alpha_P4,8,0.5088316823172959
imagcoh_alpha_P4,9,0.5119009866102889
imagcoh_alpha_P8,0,0.5012573004542504
imagcoh_alpha_P8,1,0.5001642980366385
imagcoh_alpha_P8,2,0.5048543689320388
imagcoh_alpha_P8,3,0.46890534108937065
imagcoh_alpha_P8,4,0.48513268144791855
imagcoh_alpha_P8,5,0.481810115350488
imagcoh_alpha_P8,6,0.5199612403100775
imagcoh_alpha_P8,7,0.5141455060435398
imagcoh_alpha_P8,8,0.5229494810580828
imagcoh_alpha_P8,9,0.4975334742776603
imagcoh_alpha_CP6,0,0.4730288773523686
imagcoh_alpha_CP6,1,0.5015526164462334
imagcoh_alpha_CP6,2,0.49758410476405507
imagcoh_alpha_CP6,3,0.512471355543804
imagcoh_alpha_CP6,4,0.5512401925671736
imagcoh_alpha_CP6,5,0.4806566104702751
imagcoh_alpha_CP6,6,0.5000968992248062
imagcoh_alpha_CP6,7,0.5083572110792741
imagcoh_alpha_CP6,8,0.5103466059264671
imagcoh_alpha_CP6,9,0.48928823114869624
imagcoh_alpha_CP2,0,0.5144589552238805
imagcoh_alpha_CP2,1,0.4903557052493223
imagcoh_alpha_CP2,2,0.4962670279220291
imagcoh_alpha_CP2,3,0.4571831482460779
imagcoh_alpha_CP2,4,0.49848411653978775
imagcoh_alpha_CP2,5,0.5023957409050577
imagcoh_alpha_CP2,6,0.49644702842377264
imagcoh_alpha_CP2,7,0.5097898758357211
imagcoh_alpha_CP2,8,0.48806326149085677
imagcoh_alpha_CP2,9,0.5240662438336857
imagcoh_alpha_C4,0,0.4992293964957819
imagcoh_alpha_C4,1,0.4895177852624661
imagcoh_alpha_C4,2,0.47325957703017985
imagcoh_alpha_C4,3,0.48251366120218575
imagcoh_alpha_C4,4,0.4786110509570055
imagcoh_alpha_C4,5,0.49188110026619347
imagcoh_alpha_C4,6,0.4734496124031008
imagcoh_alpha_C4,7,0.49498567335243554
imagcoh_alpha_C4,8,0.46064421857876525
imagcoh_alpha_C4,9,0.5016737138830163
imagcoh_alpha_T8,0,0.5082941271901362
imagcoh_alpha_T8,1,0.512067690791095
imagcoh_alpha_T8,2,0.5064499134492361
imagcoh_alpha_T8,3,0.5057024502027146
imagcoh_alpha_T8,4,0.4971514717396012
imagcoh_alpha_T8,5,0.5093019816622301
imagcoh_alpha_T8,6,0.4827519379844961
imagcoh_alpha_T8,7,0.5190116259921616
imagcoh_alpha_T8,8,0.5065861572512195
imagcoh_alpha_T8,9,0.5059901338971107
imagcoh_alpha_FC6,0,0.47258273848150556
imagcoh_alpha_FC6,1,0.5050603795284646
imagcoh_alpha_FC6,2,0.4996989538646797
imagcoh_alpha_FC6,3,0.49942711087607966
imagcoh_alpha_FC6,4,0.4661841381952657
imagcoh_alpha_FC6,5,0.49470570837030464
imagcoh_alpha_FC6,6,0.479328165374677
imagcoh_alpha_FC6,7,0.48984784112241875
imagcoh_alpha_FC6,8,0.501267808410512
imagcoh_alpha_FC6,9,0.493569415081043
imagcoh_alpha_FC2,0,0.5074018494484102
imagcoh_alpha_FC2,1,0.4856321366959665
imagcoh_alpha_FC2,2,0.48864303454504404
imagcoh_alpha_FC2,3,0.479305482108232
imagcoh_alpha_FC2,4,0.49570222051939833
imagcoh_alpha_FC2,5,0.49506063294883174
imagcoh_alpha_FC2,6,0.491828165374677
imagcoh_alpha_FC2,7,0.5234907617824326
imagcoh_alpha_FC2,8,0.499763628940413
imagcoh_alpha_FC2,9,0.5033562367864693
imagcoh_alpha_F4,0,0.47195408825438023
imagcoh_alpha_F4,1,0.49525178674114845
imagcoh_alpha_F4,2,0.5273726198539926
imagcoh_alpha_F4,3,0.4921205711263882
imagcoh_alpha_F4,4,0.5043977278406157
imagcoh_alpha_F4,5,0.5008577343981071
imagcoh_alpha_F4,6,0.5188307493540052
imagcoh_alpha_F4,7,0.5237213055363437
imagcoh_alpha_F4,8,0.5139996132109934
imagcoh_alpha_F4,9,0.493084918957012
imagcoh_alpha_F8,0,0.4818097014925373
imagcoh_alpha_F8,1,0.4962704345683069
imagcoh_alpha_F8,2,0.5073530518551967
imagcoh_alpha_F8,3,0.4870174510840825
imagcoh_alpha_F8,4,0.4912961636487814
imagcoh_alpha_F8,5,0.5069801833776989
imagcoh_alpha_F8,6,0.4854328165374677
imagcoh_alpha_F8,7,0.4985426341270625
imagcoh_alpha_F8,8,0.5118078088402777
imagcoh_alpha_F8,9,0.5055408738548274
imagcoh_alpha_AF4,0,0.5175008111615834
imagcoh_alpha_AF4,1,0.463460116651606
imagcoh_alpha_AF4,2,0.5583954240987432
imagcoh_alpha_AF4,3,0.48644456196016217
imagcoh_alpha_AF4,4,0.5148756475820826
imagcoh_alpha_AF4,5,0.5140343093759243
imagcoh_alpha_AF4,6,0.5145671834625323
imagcoh_alpha_AF4,7,0.4981638836742087
imagcoh_alpha_AF4,8,0.5190923351311859
imagcoh_alpha_AF4,9,0.49607117688513036
imagcoh_alpha_Fp2,0,0.47834198572355613
imagcoh_alpha_Fp2,1,0.4986198964922369
imagcoh_alpha_Fp2,2,0.4828177918265974
imagcoh_alpha_Fp2,3,0.5085757095011457
imagcoh_alpha_Fp2,4,0.5184904466025887
imagcoh_alpha_Fp2,5,0.47848269742679683
imagcoh_alpha_Fp2,6,0.4921834625322998
imagcoh_alpha_Fp2,7,0.5099051477126766
imagcoh_alpha_Fp2,8,0.4979371252981499
imagcoh_alpha_Fp2,9,0.5038671599718111
imagcoh_alpha_Fz,0,0.4797615184944841
imagcoh_alpha_Fz,1,0.4916125852296065
imagcoh_alpha_Fz,2,0.49806577858056744
imagcoh_alpha_Fz,3,0.4739555790586991
imagcoh_alpha_Fz,4,0.48153454048741484
imagcoh_alpha_Fz,5,0.4551907719609583
imagcoh_alpha_Fz,6,0.507170542635659
imagcoh_alpha_Fz,7,0.5047673154826597
imagcoh_alpha_Fz,8,0.49734619764918236
imagcoh_alpha_Fz,9,0.5152572233967583
imagcoh_alpha_Cz,0,0.4812418883841661
imagcoh_alpha_Cz,1,0.4850160190585723
imagcoh_alpha_Cz,2,0.5037254459245879
imagcoh_alpha_Cz,3,0.4801780363123568
imagcoh_alpha_Cz,4,0.45977078509436786
imagcoh_alpha_Cz,5,0.46496598639455783
imagcoh_alpha_Cz,6,0.5098837209302326
imagcoh_alpha_Cz,7,0.4975381220564503
imagcoh_alpha_Cz,8,0.5114854846681136
imagcoh_alpha_Cz,9,0.52196088794926
imagcoh_theta_Fp1,0,0.49586307592472423
imagcoh_theta_Fp1,1,0.528735726608067
imagcoh_theta_Fp1,2,0.4852186347557763
imagcoh_theta_Fp1,3,0.4774634232328574
imagcoh_theta_Fp1,4,0.49142942812880014
imagcoh_theta_Fp1,5,0.519195504288672
imagcoh_theta_Fp1,6,0.5070413436692507
imagcoh_theta_Fp1,7,0.4987484767644831
imagcoh_theta_Fp1,8,0.5115392053634742
imagcoh_theta_Fp1,9,0.5130109231853418
imagcoh_theta_AF3,0,0.4896374107722258
imagcoh_theta_AF3,1,0.5217284153454367
imagcoh_theta_AF3,2,0.4940091819071273
imagcoh_theta_AF3,3,0.4637317116164287
imagcoh_theta_AF3,4,0.520414452532858
imagcoh_theta_AF3,5,0.49501626737651583
imagcoh_theta_AF3,6,0.5107235142118863
imagcoh_theta_AF3,7,0.4875094687613213
imagcoh_theta_AF3,8,0.5228742720845778
imagcoh_theta_AF3,9,0.5114605355884425
imagcoh_theta_F7,0,0.49063108371187536
imagcoh_theta_F7,1,0.5089378131931324
imagcoh_theta_F7,2,0.4883946714834048
imagcoh_theta_F7,3,0.47998413537810686
imagcoh_theta_F7,4,0.49706818143958953
imagcoh_theta_F7,5,0.4991718426501035
imagcoh_theta_F7,6,0.4972545219638243
imagcoh_theta_F7,7,0.4805190527945197
imagcoh_theta_F7,8,0.4533704364269291
imagcoh_theta_F7,9,0.5146317829457364
imagcoh_theta_F3,0,0.4954372160934458
imagcoh_theta_F3,1,0.4932062761849996
imagcoh_theta_F3,2,0.4756002107322947
imagcoh_theta_F3,3,0.4574299312533051
imagcoh_theta_F3,4,0.497093168529593
imagcoh_theta_F3,5,0.5014344868382136
imagcoh_theta_F3,6,0.5020994832041343
imagcoh_theta_F3,7,0.4846441392484273
imagcoh_theta_F3,8,0.5113243225820315
imagcoh_theta_F3,9,0.49989429175475686
imagcoh_theta_FC1,0,0.46461307592472423
imagcoh_theta_FC1,1,0.5236014129631151
imagcoh_theta_FC1,2,0.4757883645668699
imagcoh_theta_FC1,3,0.4840472413185264
imagcoh_theta_FC1,4,0.5027319218403825
imagcoh_theta_FC1,5,0.5454747116237799
imagcoh_theta_FC1,6,0.5297157622739018
imagcoh_theta_FC1,7,0.49822151961268646
imagcoh_theta_FC1,8,0.49452048907321056
imagcoh_theta_FC1,9,0.5255109231853419
imagcoh_theta_FC5,0,0.4919695003244646
imagcoh_theta_FC5,1,0.5306744434404009
imagcoh_theta_FC5,2,0.4818694965003387
imagcoh_theta_FC5,3,0.49486162524237615
imagcoh_theta_FC5,4,0.5141260348819776
imagcoh_theta_FC5,5,0.5018633540372671
imagcoh_theta_FC5,6,0.5313307493540051
imagcoh_theta_FC5,7,0.5179083094555874
imagcoh_theta_FC5,8,0.5032232417216409
imagcoh_theta_FC5,9,0.491146934460888
imagcoh_theta_T7,0,0.5015209279688514
imagcoh_theta_T7,1,0.5163640844491909
imagcoh_theta_T7,2,0.522781666290359
imagcoh_theta_T7,3,0.47801868499911865
imagcoh_theta_T7,4,0.5353650613849511
imagcoh_theta_T7,5,0.5035640343093759
imagcoh_theta_T7,6,0.5151485788113696
imagcoh_theta_T7,7,0.5327042782333762
imagcoh_theta_T7,8,0.45048026301652444
imagcoh_theta_T7,9,0.5241367159971811
imagcoh_theta_C3,0,0.49409879948085655
imagcoh_theta_C3,1,0.5124620060790274
imagcoh_theta_C3,2,0.49781741551892833
imagcoh_theta_C3,3,0.4724748810153358
imagcoh_theta_C3,4,0.5099615198813946
imagcoh_theta_C3,5,0.5151730257320319
imagcoh_theta_C3,6,0.4971576227390181
imagcoh_theta_C3,7,0.4989543194019036
imagcoh_theta_C3,8,0.48072501450458777
imagcoh_theta_C3,9,0.532637420718816
imagcoh_theta_CP1,0,0.4801873783257625
imagcoh_theta_CP1,1,0.5015033270352419
imagcoh_theta_CP1,2,0.5056972981109356
imagcoh_theta_CP1,3,0.4735413361537105
imagcoh_theta_CP1,4,0.47247255584614617
imagcoh_theta_CP1,5,0.5151730257320319
imagcoh_theta_CP1,6,0.49958010335917313
imagcoh_theta_CP1,7,0.49400586239831373
imagcoh_theta_CP1,8,0.46411457549906526
imagcoh_theta_CP1,9,0.502783650458069
imagcoh_theta_CP5,0,0.5046439000648929
imagcoh_theta_CP5,1,0.5283907007311263
imagcoh_theta_CP5,2,0.4977722585986303
imagcoh_theta_CP5,3,0.4792878547505729
imagcoh_theta_CP5,4,0.4928120471089937
imagcoh_theta_CP5,5,0.5140047323277137
imagcoh_theta_CP5,6,0.500452196382429
imagcoh_theta_CP5,7,0.5086618581826565
imagcoh_theta_CP5,8,0.49334937791434774
imagcoh_theta_CP5,9,0.5006430584918957
imagcoh_theta_P7,0,0.47846365996106427
imagcoh_theta_P7,1,0.5101289739587612
imagcoh_theta_P7,2,0.5040565966734402
imagcoh_theta_P7,3,0.47711087607967567
imagcoh_theta_P7,4,0.5228465292931985
imagcoh_theta_P7,5,0.4910973084886128
imagcoh_theta_P7,6,0.5064599483204134
imagcoh_theta_P7,7,0.49132167440634983
imagcoh_theta_P7,8,0.4826911919547887
imagcoh_theta_P7,9,0.5271934460887949
imagcoh_theta_P3,0,0.4677563270603504
imagcoh_theta_P3,1,0.5025301897642324
imagcoh_theta_P3,2,0.47334989087077595
imagcoh_theta_P3,3,0.48762559492332097
imagcoh_theta_P3,4,0.4883226999383652
imagcoh_theta_P3,5,0.4852706299911269
imagcoh_theta_P3,6,0.48814599483204135
imagcoh_theta_P3,7,0.4855745479695682
imagcoh_theta_P3,8,0.48082171175623695
imagcoh_theta_P3,9,0.49166666666666664
imagcoh_theta_Pz,0,0.4905702465931213
imagcoh_theta_Pz,1,0.5145157315370081
imagcoh_theta_Pz,2,0.5220516294122074
imagcoh_theta_Pz,3,0.49445619601621715
imagcoh_theta_Pz,4,0.5028235411703953
imagcoh_theta_Pz,5,0.496583850931677
imagcoh_theta_Pz,6,0.5036498708010336
imagcoh_theta_Pz,7,0.515709910087936
imagcoh_theta_Pz,8,0.4876227517888992
imagcoh_theta_Pz,9,0.5007135306553911
imagcoh_theta_PO3,0,0.5217999675535366
imagcoh_theta_PO3,1,0.49591719378953425
imagcoh_theta_PO3,2,0.49687664634605255
imagcoh_theta_PO3,3,0.5201480698043364
imagcoh_theta_PO3,4,0.48826439672835703
imagcoh_theta_PO3,5,0.5202159124519373
imagcoh_theta_PO3,6,0.5112080103359173
imagcoh_theta_PO3,7,0.4940140961038106
imagcoh_theta_PO3,8,0.4905129251993038
imagcoh_theta_PO3,9,0.5009337561663143
imagcoh_theta_O1,0,0.5341904607397794
imagcoh_theta_O1,1,0.44521481968290477
imagcoh_theta_O1,2,0.5108376608715286
imagcoh_theta_O1,3,0.5374669487043893
imagcoh_theta_O1,4,0.49235395045892955
imagcoh_theta_O1,5,0.4971310263235729
imagcoh_theta_O1,6,0.4610142118863049
imagcoh_theta_O1,7,0.48942792214208086
imagcoh_theta_O1,8,0.4936394696692954
imagcoh_theta_O1,9,0.5022815362931642
imagcoh_theta_Oz,0,0.49787070084360807
imagcoh_theta_Oz,1,0.4827569210547934
imagcoh_theta_Oz,2,0.5173101527809136
imagcoh_theta_Oz,3,0.45384276396968093
imagcoh_theta_Oz,4,0.4924622278489447
imagcoh_theta_Oz,5,0.5040520556048507
imagcoh_theta_Oz,6,0.5059431524547804
imagcoh_theta_Oz,7,0.4985014655995784
imagcoh_theta_Oz,8,0.48476481079571093
imagcoh_theta_Oz,9,0.49817653276955604
imagcoh_theta_O2,0,0.4925170343932512
imagcoh_theta_O2,1,0.46424053232563867
imagcoh_theta_O2,2,0.4653947467449387
imagcoh_theta_O2,3,0.5009871320289089
imagcoh_theta_O2,4,0.5234628775132848
imagcoh_theta_O2,5,0.49000295770482105
imagcoh_theta_O2,6,0.5076227390180879
imagcoh_theta_O2,7,0.5103991700424859
imagcoh_theta_O2,8,0.5224659947998367
imagcoh_theta_O2,9,0.5107029598308668
imagcoh_theta_PO4,0,0.504765574302401
imagcoh_theta_PO4,1,0.44826254826254824
imagcoh_theta_PO4,2,0.4968992248062015
imagcoh_theta_PO4,3,0.48834831658734357
imagcoh_theta_PO4,4,0.5039313021605504
imagcoh_theta_PO4,5,0.4854333037562851
imagcoh_theta_PO4,6,0.5286498708010337
imagcoh_theta_PO4,7,0.49963771695813985
imagcoh_theta_PO4,8,0.5146872381116101
imagcoh_theta_PO4,9,0.48102536997885836
imagcoh_theta_P4,0,0.5000202790395847
imagcoh_theta_P4,1,0.5005011090117473
imagcoh_theta_P4,2,0.5200346203055618
imagcoh_theta_P4,3,0.44242023620659265
imagcoh_theta_P4,4,0.4831087271576352
imagcoh_theta_P4,5,0.4816622301094351
imagcoh_theta_P4,6,0.5126291989664082
imagcoh_theta_P4,7,0.4745002140763429
imagcoh_theta_P4,8,0.4500719857317833
imagcoh_theta_P4,9,0.4993833685694151
imagcoh_theta_P8,0,0.5064690136275146
imagcoh_theta_P8,1,0.4548016101207591
imagcoh_theta_P8,2,0.4954767818168134
imagcoh_theta_P8,3,0.5560021152829191
imagcoh_theta_P8,4,0.4930535889790275
imagcoh_theta_P8,5,0.4736912156166814
imagcoh_theta_P8,6,0.4680232558139535
imagcoh_theta_P8,7,0.4935694760069822
imagcoh_theta_P8,8,0.46638158884328595
imagcoh_theta_P8,9,0.49676708949964765
imagcoh_theta_CP6,0,0.501358695652174
imagcoh_theta_CP6,1,0.5025301897642324
imagcoh_theta_CP6,2,0.48296831489425757
imagcoh_theta_CP6,3,0.44337211352018335
imagcoh_theta_CP6,4,0.46724192500541384
imagcoh_theta_CP6,5,0.47317361727299617
imagcoh_theta_CP6,6,0.47241602067183464
imagcoh_theta_CP6,7,0.5014491321674407
imagcoh_theta_CP6,8,0.5095085630788405
imagcoh_theta_CP6,9,0.49140239605355884
imagcoh_theta_CP2,0,0.46558646982478913
imagcoh_theta_CP2,1,0.49814343218598534
imagcoh_theta_CP2,2,0.49463385263791676
imagcoh_theta_CP2,3,0.47545390445972147
imagcoh_theta_CP2,4,0.5000749612700105
imagcoh_theta_CP2,5,0.4896332446021887
imagcoh_theta_CP2,6,0.5131459948320414
imagcoh_theta_CP2,7,0.480041497875704
imagcoh_theta_CP2,8,0.4871714979478694
imagcoh_theta_CP2,9,0.5024400986610289
imagcoh_theta_C4,0,0.5006083711875405
imagcoh_theta_C4,1,0.5074427010597223
imagcoh_theta_C4,2,0.49109656054790396
imagcoh_theta_C4,3,0.49169751454257005
imagcoh_theta_C4,4,0.4972097749496094
imagcoh_theta_C4,5,0.4924430641821946
imagcoh_theta_C4,6,0.4893087855297158
imagcoh_theta_C4,7,0.48306326779303754
imagcoh_theta_C4,8,0.505361325396996
imagcoh_theta_C4,9,0.5007399577167019
imagcoh_theta_T8,0,0.5024132057105776
imagcoh_theta_T8,1,0.4917111640515896
imagcoh_theta_T8,2,0.5035448182433958
imagcoh_theta_T8,3,0.4817821258593337
imagcoh_theta_T8,4,0.5100614682414086
imagcoh_theta_T8,5,0.5003697131026323
imagcoh_theta_T8,6,0.5053617571059432
imagcoh_theta_T8,7,0.5027829924579258
imagcoh_theta_T8,8,0.5082729870855448
imagcoh_theta_T8,9,0.5259161381254405
imagcoh_theta_FC6,0,0.4763951979234264
imagcoh_theta_FC6,1,0.4942413538158219
imagcoh_theta_FC6,2,0.5002709415217882
imagcoh_theta_FC6,3,0.46781244491450735
imagcoh_theta_FC6,4,0.5307674368243074
imagcoh_theta_FC6,5,0.48907128068618755
imagcoh_theta_FC6,6,0.507719638242894
imagcoh_theta_FC6,7,0.5107449856733524
imagcoh_theta_FC6,8,0.4853772267228227
imagcoh_theta_FC6,9,0.48546511627906974
imagcoh_theta_FC2,0,0.5059417585983128
imagcoh_theta_FC2,1,0.5059475889263123
imagcoh_theta_FC2,2,0.48825167456912777
imagcoh_theta_FC2,3,0.4930636347611493
imagcoh_theta_FC2,4,0.5204477686528627
imagcoh_theta_FC2,5,0.503416149068323
imagcoh_theta_FC2,6,0.5118863049095607
imagcoh_theta_FC2,7,0.5088265322925929
imagcoh_theta_FC2,8,0.5158583492704729
imagcoh_theta_FC2,9,0.5143146582100071
imagcoh_theta_F4,0,0.49302401038286825
imagcoh_theta_F4,1,0.49051178838412884
imagcoh_theta_F4,2,0.4937532926921051
imagcoh_theta_F4,3,0.506777719019919
imagcoh_theta_F4,4,0.5257450317336043
imagcoh_theta_F4,5,0.5170363797692991
imagcoh_theta_F4,6,0.5094961240310077
imagcoh_theta_F4,7,0.48822580113954483
imagcoh_theta_F4,8,0.503545565893805
imagcoh_theta_F4,9,0.4971458773784355
imagcoh_theta_F8,0,0.5110520765736535
imagcoh_theta_F8,1,0.4865768504066377
imagcoh_theta_F8,2,0.47675171219989465
imagcoh_theta_F8,3,0.45527057994006703
imagcoh_theta_F8,4,0.4755542969465776
imagcoh_theta_F8,5,0.4997190180419994
imagcoh_theta_F8,6,0.5095284237726098
imagcoh_theta_F8,7,0.4725652932845898
imagcoh_theta_F8,8,0.5126243634097599
imagcoh_theta_F8,9,0.49896934460887954
imagcoh_theta_AF4,0,0.5033054834523037
imagcoh_theta_AF4,1,0.5309455352008543
imagcoh_theta_AF4,2,0.4902686836757733
imagcoh_theta_AF4,3,0.4930988894764675
imagcoh_theta_AF4,4,0.5248954706734854
imagcoh_theta_AF4,5,0.4948092280390417
imagcoh_theta_AF4,6,0.518249354005168
imagcoh_theta_AF4,7,0.49023482528076934
imagcoh_theta_AF4,8,0.5148376560586201
imagcoh_theta_AF4,9,0.5171511627906977
imagcoh_theta_Fp2,0,0.48324951330305
imagcoh_theta_Fp2,1,0.5332867822229524
imagcoh_theta_Fp2,2,0.5021073229472417
imagcoh_theta_Fp2,3,0.4970826723074211
imagcoh_theta_Fp2,4,0.5029401475904116
imagcoh_theta_Fp2,5,0.5039781129843242
imagcoh_theta_Fp2,6,0.5233527131782946
imagcoh_theta_Fp2,7,0.5173731185982939
imagcoh_theta_Fp2,8,0.5092721920192534
imagcoh_theta_Fp2,9,0.5059637068357998
imagcoh_theta_Fz,0,0.5518535042180402
imagcoh_theta_Fz,1,0.49608149182617267
imagcoh_theta_Fz,2,0.4745465492586739
imagcoh_theta_Fz,3,0.4946589106292967
imagcoh_theta_Fz,4,0.5012743415901784
imagcoh_theta_Fz,5,0.4836882579118604
imagcoh_theta_Fz,6,0.500968992248062
imagcoh_theta_Fz,7,0.4766409775055166
imagcoh_theta_Fz,8,0.5106474418204869
imagcoh_theta_Fz,9,0.5295806906272023
imagcoh_theta_Cz,0,0.4910163854639844
imagcoh_theta_Cz,1,0.49204797502669845
imagcoh_theta_Cz,2,0.5015353352901332
imagcoh_theta_Cz,3,0.4580204477348846
imagcoh_theta_Cz,4,0.4854491845879629
imagcoh_theta_Cz,5,0.49858030168589174
imagcoh_theta_Cz,6,0.499031007751938
imagcoh_theta_Cz,7,0.4795886440733788
imagcoh_theta_Cz,8,0.47320411715409244
imagcoh_theta_Cz,9,0.4858262861169838
p3subj1_Fp1,0,0.43094987021414666
p3subj1_Fp1,1,0.5061447465702784
p3subj1_Fp1,2,0.48900428990742834
p3subj1_Fp1,3,0.509633350960691
p3subj1_Fp1,4,0.5141843380919858
p3subj1_Fp1,5,0.5116385684708666
p3subj1_Fp1,6,0.46288759689922476
p3subj1_Fp1,7,0.47948160590192007
p3subj1_Fp1,8,0.5078969422180201
p3subj1_Fp1,9,0.4921335447498238
p3subj1_AF3,0,0.3957860155743024
p3subj1_AF3,1,0.5093403433828966
p3subj1_AF3,2,0.46425077143072174
p3subj1_AF3,3,0.4982548915917504
p3subj1_AF3,4,0.497093168529593
p3subj1_AF3,5,0.49523809523809526
p3subj1_AF3,6,0.4484496124031008
p3subj1_AF3,7,0.46625827487402427
p3subj1_AF3,8,0.5045447708275136
p3subj1_AF3,9,0.4929704016913319
p3subj1_F7,0,0.435634328358209
p3subj1_F7,1,0.4865932802103015
p3subj1_F7,2,0.4819447580341687
p3subj1_F7,3,0.5164992067689054
p3subj1_F7,4,0.504114540820576
p3subj1_F7,5,0.484324164448388
p3subj1_F7,6,0.4703165374677003
p3subj1_F7,7,0.48363139347231826
p3subj1_F7,8,0.4891269312589982
p3subj1_F7,9,0.5188160676532769
p3subj1_F3,0,0.5057592472420506
p3subj1_F3,1,0.46626139817629175
p3subj1_F3,2,0.4953337849025363
p3subj1_F3,3,0.5074475586109641
p3subj1_F3,4,0.5162166214122703
p3subj1_F3,5,0.4851818988464951
p3subj1_F3,6,0.4816537467700258
p3subj1_F3,7,0.5076161775845602
p3subj1_F3,8,0.5143864022175904
p3subj1_F3,9,0.49896934460887954
p3subj1_FC1,0,0.4547371836469825
p3subj1_FC1,1,0.5008789944960158
p3subj1_FC1,2,0.4707608941070219
p3subj1_FC1,3,0.5004671249779657
p3subj1_FC1,4,0.50607186287085
p3subj1_FC1,5,0.48432416444838805
p3subj1_FC1,6,0.5029715762273902
p3subj1_FC1,7,0.49460692289958175
p3subj1_FC1,8,0.5103143735092507
p3subj1_FC1,9,0.50473044397463
p3subj1_FC5,0,0.5948247890979883
p3subj1_FC5,1,0.49903885648566504
p3subj1_FC5,2,0.5055166704297434
p3subj1_FC5,3,0.5203948528115636
p3subj1_FC5,4,0.5106944745214972
p3subj1_FC5,5,0.5209405501330967
p3subj1_FC5,6,0.5068475452196383
p3subj1_FC5,7,0.5179000757500906
p3subj1_FC5,8,0.49576680920557836
p3subj1_FC5,9,0.5231412966878083
p3subj1_T7,0,0.5625811161583387
p3subj1_T7,1,0.5154522303458473
p3subj1_T7,2,0.4813200873033793
p3subj1_T7,3,0.5220782654680063
p3subj1_T7,4,0.5212640135929769
p3subj1_T7,5,0.504821058858326
p3subj1_T7,6,0.4803294573643411
p3subj1_T7,7,0.48811876296808615
p3subj1_T7,8,0.5081010808603906
p3subj1_T7,9,0.532760747004933
p3subj1_C3,0,0.5859222907203114
p3subj1_C3,1,0.524250390207837
p3subj1_C3,2,0.5064273349890871
p3subj1_C3,3,0.5042746342323285
p3subj1_C3,4,0.5079792107411171
p3subj1_C3,5,0.5243271221532091
p3subj1_C3,6,0.48110465116279066
p3subj1_C3,7,0.47080328030826996
p3subj1_C3,8,0.5182542922835593
p3subj1_C3,9,0.5073555320648344
p3subj1_CP1,0,0.5027173913043478
p3subj1_CP1,1,0.5029491497576604
p3subj1_CP1,2,0.4859938285542259
p3subj1_CP1,3,0.4839679182090605
p3subj1_CP1,4,0.5386550282354117
p3subj1_CP1,5,0.5313368825791186
p3subj1_CP1,6,0.5068152454780361
p3subj1_CP1,7,0.47944867107993283
p3subj1_CP1,8,0.5448675247652406
p3subj1_CP1,9,0.49198379140239606
p3subj1_CP5,0,0.5785001622323167
p3subj1_CP5,1,0.5068101536186642
p3subj1_CP5,2,0.4928877850530594
p3subj1_CP5,3,0.484382161114049
p3subj1_CP5,4,0.5482583998267562
p3subj1_CP5,5,0.5156610470275066
p3subj1_CP5,6,0.5351744186046512
p3subj1_CP5,7,0.49785923657082637
p3subj1_CP5,8,0.5211552098330361
p3subj1_CP5,9,0.499638830162086
p3subj1_P7,0,0.5805077871512005
p3subj1_P7,1,0.48335660888852383
p3subj1_P7,2,0.5155189282757583
p3subj1_P7,3,0.4705711263881544
p3subj1_P7,4,0.5167413503023438
p3subj1_P7,5,0.5001774622892635
p3subj1_P7,6,0.4820736434108527
p3subj1_P7,7,0.49926720021078286
p3subj1_P7,8,0.544899757182457
p3subj1_P7,9,0.5360993657505285
p3subj1_P3,0,0.5501500648929266
p3subj1_P3,1,0.49636901339029
p3subj1_P3,2,0.48436065327011363
p3subj1_P3,3,0.4620747399964745
p3subj1_P3,4,0.510985990571538
p3subj1_P3,5,0.5165335699497191
p3subj1_P3,6,0.5180232558139535
p3subj1_P3,7,0.46503145275499785
p3subj1_P3,8,0.527934761587554
p3subj1_P3,9,0.5296511627906977
p3subj1_Pz,0,0.4370944192083063
p3subj1_Pz,1,0.5067526493058407
p3subj1_Pz,2,0.5009106645593437
p3subj1_Pz,3,0.4976467477525119
p3subj1_Pz,4,0.495485665739368
p3subj1_Pz,5,0.49735285418515235
p3subj1_Pz,6,0.5058139534883721
p3subj1_Pz,7,0.49423640615222475
p3subj1_Pz,8,0.5055762081784386
p3subj1_Pz,9,0.5030038759689922
p3subj1_PO3,0,0.45915801427644387
p3subj1_PO3,1,0.4932391357923273
p3subj1_PO3,2,0.5009106645593437
p3subj1_PO3,3,0.5057288912392033
p3subj1_PO3,4,0.4985507487797971
p3subj1_PO3,5,0.5002809819580005
p3subj1_PO3,6,0.5002583979328166
p3subj1_PO3,7,0.49999176629450315
p3subj1_PO3,8,0.5111524163568774
p3subj1_PO3,9,0.49326990838618745
p3subj1_O1,0,0.45021495781959764
p3subj1_O1,1,0.4841780990717161
p3subj1_O1,2,0.49721532324828777
p3subj1_O1,3,0.4869205006169576
p3subj1_O1,4,0.49515250453932136
p3subj1_O1,5,0.5249778172138421
p3subj1_O1,6,0.5193798449612403
p3subj1_O1,7,0.47920165991502817
p3subj1_O1,8,0.48829963255044373
p3subj1_O1,9,0.4680496828752643
p3subj1_Oz,0,0.4689933484750162
p3subj1_Oz,1,0.4872093978476957
p3subj1_Oz,2,0.49251147738390905
p3subj1_Oz,3,0.4832099418297197
p3subj1_Oz,4,0.548549915876797
p3subj1_Oz,5,0.49924578527062996
p3subj1_Oz,6,0.5184754521963825
p3subj1_Oz,7,0.47626222705266275
p3subj1_Oz,8,0.4693469712271956
p3subj1_Oz,9,0.5177677942212826
p3subj1_O2,0,0.5020076249188838
p3subj1_O2,1,0.45871190339275447
p3subj1_O2,2,0.5232031308798073
p3subj1_O2,3,0.49740877842411424
p3subj1_O2,4,0.526986057203778
p3subj1_O2,5,0.49951197870452524
p3subj1_O2,6,0.5152131782945737
p3subj1_O2,7,0.46652175344992264
p3subj1_O2,8,0.48622601370952145
p3subj1_O2,9,0.5376321353065538
p3subj1_PO4,0,0.4933890330953926
p3subj1_PO4,1,0.4672964758071141
p3subj1_PO4,2,0.5022051629412208
p3subj1_PO4,3,0.45170985369293143
p3subj1_PO4,4,0.48438306874781367
p3subj1_PO4,5,0.49537119195504287
p3subj1_PO4,6,0.4919250645994832
p3subj1_PO4,7,0.500090570760465
p3subj1_PO4,8,0.5282678298987902
p3subj1_PO4,9,0.48805496828752637
p3subj1_P4,0,0.46881083711875404
p3subj1_P4,1,0.5314712889180975
p3subj1_P4,2,0.5451493941446526
p3subj1_P4,3,0.48652388506962807
p3subj1_P4,4,0.46583431893521676
p3subj1_P4,5,0.4712954747116238
p3subj1_P4,6,0.5007751937984496
p3subj1_P4,7,0.523424892138458
p3subj1_P4,8,0.47865139566366544
p3subj1_P4,9,0.4930144467935166
p3subj1_P8,0,0.5127757949383518
p3subj1_P8,1,0.47266902160519186
p3subj1_P8,2,0.49585308948596374
p3subj1_P8,3,0.4781244491450732
p3subj1_P8,4,0.5029151605004082
p3subj1_P8,5,0.5323425022182786
p3subj1_P8,6,0.4906976744186047
p3subj1_P8,7,0.4900948522873234
p3subj1_P8,8,0.5484882996325504
p3subj1_P8,9,0.5023431994362227
p3subj1_CP6,0,0.5147023036988968
p3subj1_CP6,1,0.48046496344368683
p3subj1_CP6,2,0.47487017385414315
p3subj1_CP6,3,0.4467124977965803
p3subj1_CP6,4,0.5287268244740218
p3subj1_CP6,5,0.49350783791777586
p3subj1_CP6,6,0.4935077519379845
p3subj1_CP6,7,0.48993017817738693
p3subj1_CP6,8,0.4950576960268174
p3subj1_CP6,9,0.4957628611698379
p3subj1_CP2,0,0.4334847501622323
p3subj1_CP2,1,0.48047317834551884
p3subj1_CP2,2,0.47045232181831864
p3subj1_CP2,3,0.4549444738233739
p3subj1_CP2,4,0.5043227665706052
p3subj1_CP2,5,0.5009464655427388
p3subj1_CP2,6,0.5059431524547804
p3subj1_CP2,7,0.4692718110858611
p3subj1_CP2,8,0.4975288480134087
p3subj1_CP2,9,0.4857205778717406
p3subj1_C4,0,0.4336469824789098
p3subj1_C4,1,0.4912100550398423
p3subj1_C4,2,0.5073831564687289
p3subj1_C4,3,0.50212409659792
p3subj1_C4,4,0.49272042777898084
p3subj1_C4,5,0.5012274475007394
p3subj1_C4,6,0.4823966408268734
p3subj1_C4,7,0.5014244310509501
p3subj1_C4,8,0.4975288480134087
p3subj1_C4,9,0.4942829457364341
p3subj1_T8,0,0.45161421155094095
p3subj1_T8,1,0.4379117719543252
p3subj1_T8,2,0.4935275080906149
p3subj1_T8,3,0.4713026617310065
p3subj1_T8,4,0.5
p3subj1_T8,5,0.47522922212363206
p3subj1_T8,6,0.4516795865633075
p3subj1_T8,7,0.5014244310509501
p3subj1_T8,8,0.49710982658959535
p3subj1_T8,9,0.524753347427766
p3subj1_FC6,0,0.42257462686567165
p3subj1_FC6,1,0.46696787973383724
p3subj1_FC6,2,0.477210807556258
p3subj1_FC6,3,0.4705358716728362
p3subj1_FC6,4,0.5082457397011544
p3subj1_FC6,5,0.4930198166223011
p3subj1_FC6,6,0.4388888888888889
p3subj1_FC6,7,0.5097734084247275
p3subj1_FC6,8,0.4989685626490749
p3subj1_FC6,9,0.5059020436927414
p3subj1_FC2,0,0.3940622972096042
p3subj1_FC2,1,0.5072044689065965
p3subj1_FC2,2,0.48484232708662606
p3subj1_FC2,3,0.4909924202362066
p3subj1_FC2,4,0.5014409221902018
p3subj1_FC2,5,0.4858325939071281
p3subj1_FC2,6,0.49867571059431526
p3subj1_FC2,7,0.48261041399071236
p3subj1_FC2,8,0.5037174721189591
p3subj1_FC2,9,0.49950669485553206
p3subj1_F4,0,0.42543397144711226
p3subj1_F4,1,0.5027027027027027
p3subj1_F4,2,0.49564988334462257
p3subj1_F4,3,0.44616604970914864
p3subj1_F4,4,0.5060552048108478
p3subj1_F4,5,0.4912304052055605
p3subj1_F4,6,0.5393410852713179
p3subj1_F4,7,0.5035075585416461
p3subj1_F4,8,0.4929518447686787
p3subj1_F4,9,0.4956395348837209
p3subj1_F8,0,0.41857965606748865
p3subj1_F8,1,0.5
p3subj1_F8,2,0.49747121246331
p3subj1_F8,3,0.4736735413361537
p3subj1_F8,4,0.477178457796805
p3subj1_F8,5,0.4966134279798876
p3subj1_F8,6,0.4780684754521964
p3subj1_F8,7,0.4944587162006389
p3subj1_F8,8,0.5010099490727808
p3subj1_F8,9,0.48214411557434816
p3subj1_AF4,0,0.4285569435431538
p3subj1_AF4,1,0.5016922697773762
p3subj1_AF4,2,0.45546775043275384
p3subj1_AF4,3,0.476370527057994
p3subj1_AF4,4,0.5045226632906331
p3subj1_AF4,5,0.49859509020999704
p3subj1_AF4,6,0.5310723514211886
p3subj1_AF4,7,0.5116177584560155
p3subj1_AF4,8,0.5057373702645207
p3subj1_AF4,9,0.4956395348837209
p3subj1_Fp2,0,0.4192285853341986
p3subj1_Fp2,1,0.5456830690873244
p3subj1_Fp2,2,0.5382629637992022
p3subj1_Fp2,3,0.5325312885598449
p3subj1_Fp2,4,0.47040695640585695
p3subj1_Fp2,5,0.5227299615498373
p3subj1_Fp2,6,0.4894379844961241
p3subj1_Fp2,7,0.517974179099562
p3subj1_Fp2,8,0.5286008982100264
p3subj1_Fp2,9,0.5205338266384778
p3subj1_Fz,0,0.40726395197923426
p3subj1_Fz,1,0.4779594183849503
p3subj1_Fz,2,0.48276510875291645
p3subj1_Fz,3,0.5087960514718843
p3subj1_Fz,4,0.5040645666405691
p3subj1_Fz,5,0.4933155871044069
p3subj1_Fz,6,0.4979328165374677
p3subj1_Fz,7,0.4522362744129368
p3subj1_Fz,8,0.5066613662247244
p3subj1_Fz,9,0.46317829457364346
p3subj1_Cz,0,0.43981181051265406
p3subj1_Cz,1,0.49678797338371805
p3subj1_Cz,2,0.5002032061413412
p3subj1_Cz,3,0.5049709148598625
p3subj1_Cz,4,0.5071379787109993
p3subj1_Cz,5,0.4965986394557823
p3subj1_Cz,6,0.5039405684754522
p3subj1_Cz,7,0.502865329512894
p3subj1_Cz,8,0.4787910694716032
p3subj1_Cz,9,0.49950669485553206
p3subj2_Fp1,0,0.5403552887735237
p3subj2_Fp1,1,0.49814343218598534
p3subj2_Fp1,2,0.5
p3subj2_Fp1,3,0.4905517362947294
p3subj2_Fp1,4,0.5101614166014226
p3subj2_Fp1,5,0.5043478260869565
p3subj2_Fp1,6,0.53078165374677
p3subj2_Fp1,7,0.49857556894904986
p3subj2_Fp1,8,0.5051571867546254
p3subj2_Fp1,9,0.4975863284002819
p3subj2_AF3,0,0.515594581440623
p3subj2_AF3,1,0.5008461348886881
p3subj2_AF3,2,0.5030330398133515
p3subj2_AF3,3,0.49776132557729597
p3subj2_AF3,4,0.5115690226716196
p3subj2_AF3,5,0.5
p3subj2_AF3,6,0.5817506459948321
p3subj2_AF3,7,0.49715113789809967
p3subj2_AF3,8,0.5039216107613297
p3subj2_AF3,9,0.5046071176885131
p3subj2_F7,0,0.5122079818299805
p3subj2_F7,1,0.49544072948328266
p3subj2_F7,2,0.49838187702265374
p3subj2_F7,3,0.4931693989071038
p3subj2_F7,4,0.49136279588879084
p3subj2_F7,5,0.5021739130434782
p3subj2_F7,6,0.5108527131782945
p3subj2_F7,7,0.497134670487106
p3subj2_F7,8,0.49814126394052044
p3subj2_F7,9,0.500123326286117
p3subj2_F3,0,0.4986210253082414
p3subj2_F3,1,0.49966318902489115
p3subj2_F3,2,0.5
p3subj2_F3,3,0.4991274457958752
p3subj2_F3,4,0.5043477536606087
p3subj2_F3,5,0.5
p3subj2_F3,6,0.5495155038759689
p3subj2_F3,7,0.49570200573065903
p3subj2_F3,8,0.5030943120527752
p3subj2_F3,9,0.503030303030303
p3subj2_FC1,0,0.5081318948734588
p3subj2_FC1,1,0.49814343218598534
p3subj2_FC1,2,0.5
p3subj2_FC1,3,0.5028468182619426
p3subj2_FC1,4,0.5014659092802052
p3subj2_FC1,5,0.5021739130434782
p3subj2_FC1,6,0.5772609819121447
p3subj2_FC1,7,0.5028735632183908
p3subj2_FC1,8,0.49565936781485703
p3subj2_FC1,9,0.50157681465821
p3subj2_FC5,0,0.509145846852693
p3subj2_FC5,1,0.49848024316109424
p3subj2_FC5,2,0.5
p3subj2_FC5,3,0.4972677595628415
p3subj2_FC5,4,0.5101197714514167
p3subj2_FC5,5,0.5026471458148477
p3subj2_FC5,6,0.5356589147286821
p3subj2_FC5,7,0.5014408984619438
p3subj2_FC5,8,0.5068117841717343
p3subj2_FC5,9,0.50157681465821
p3subj2_T7,0,0.5166085334198572
p3subj2_T7,1,0.5038856485664996
p3subj2_T7,2,0.4967637540453074
p3subj2_T7,3,0.5009871320289089
p3subj2_T7,4,0.5028985024404058
p3subj2_T7,5,0.49489795918367346
p3subj2_T7,6,0.5699935400516796
p3subj2_T7,7,0.5
p3subj2_T7,8,0.501031437350925
p3subj2_T7,9,0.50157681465821
p3subj2_C3,0,0.514235885788449
p3subj2_C3,1,0.5027027027027027
p3subj2_C3,2,0.5
p3subj2_C3,3,0.5018596862330337
p3subj2_C3,4,0.5043477536606087
p3subj2_C3,5,0.5009464655427388
p3subj2_C3,6,0.5830749354005168
p3subj2_C3,7,0.5014408984619438
p3subj2_C3,8,0.5002041386423706
p3subj2_C3,9,0.5060606060606061
p3subj2_CP1,0,0.4965728423101882
p3subj2_CP1,1,0.5038856485664996
p3subj2_CP1,2,0.49838187702265374
p3subj2_CP1,3,0.4991274457958752
p3subj2_CP1,4,0.504364411720611
p3subj2_CP1,5,0.5045400769003253
p3subj2_CP1,6,0.5789405684754522
p3subj2_CP1,7,0.5028817969238877
p3subj2_CP1,8,0.4962825278810409
p3subj2_CP1,9,0.5060606060606061
p3subj2_CP5,0,0.49111778066190787
p3subj2_CP5,1,0.49966318902489115
p3subj2_CP5,2,0.5019191691126665
p3subj2_CP5,3,0.5004935660144544
p3subj2_CP5,4,0.49712648464959774
p3subj2_CP5,5,0.49679089026915113
p3subj2_CP5,6,0.5666343669250646
p3subj2_CP5,7,0.5028817969238877
p3subj2_CP5,8,0.5002041386423706
p3subj2_CP5,9,0.5046071176885131
p3subj2_P7,0,0.5057592472420506
p3subj2_P7,1,0.4969604863221885
p3subj2_P7,2,0.5046511627906977
p3subj2_P7,3,0.4931693989071038
p3subj2_P7,4,0.5028901734104047
p3subj2_P7,5,0.49829931972789115
p3subj2_P7,6,0.5088501291989664
p3subj2_P7,7,0.497134670487106
p3subj2_P7,8,0.4909104583449728
p3subj2_P7,9,0.503030303030303
p3subj2_P3,0,0.5101597988319273
p3subj2_P3,1,0.5023658917275939
p3subj2_P3,2,0.5053586212087002
p3subj2_P3,3,0.5033403842763969
p3subj2_P3,4,0.5029068314704069
p3subj2_P3,5,0.5023661638568471
p3subj2_P3,6,0.537984496124031
p3subj2_P3,7,0.49857556894904986
p3subj2_P3,8,0.4964866665234115
p3subj2_P3,9,0.5032769556025369
p3subj2_Pz,0,0.5122079818299805
p3subj2_Pz,1,0.49848024316109424
p3subj2_Pz,2,0.5023255813953489
p3subj2_Pz,3,0.5042129384805217
p3subj2_Pz,4,0.5057886758508104
p3subj2_Pz,5,0.4970718722271517
p3subj2_Pz,6,0.5707364341085271
p3subj2_Pz,7,0.5057471264367817
p3subj2_Pz,8,0.4938006317553775
p3subj2_Pz,9,0.50157681465821
p3subj2_PO3,0,0.5135666774821545
p3subj2_PO3,1,0.5
p3subj2_PO3,2,0.49838187702265374
p3subj2_PO3,3,0.49453551912568305
p3subj2_PO3,4,0.4971431427096001
p3subj2_PO3,5,0.49924578527062996
p3subj2_PO3,6,0.5827842377260981
p3subj2_PO3,7,0.498567335243553
p3subj2_PO3,8,0.49669080516578207
p3subj2_PO3,9,0.503030303030303
p3subj2_O1,0,0.515594581440623
p3subj2_O1,1,0.4920644048303623
p3subj2_O1,2,0.49838187702265374
p3subj2_O1,3,0.49453551912568305
p3subj2_O1,4,0.49715980076960237
p3subj2_O1,5,0.4997190180419994
p3subj2_O1,6,0.5714470284237726
p3subj2_O1,7,0.5028735632183908
p3subj2_O1,8,0.4655005694393708
p3subj2_O1,9,0.5060606060606061
p3subj2_Oz,0,0.5145806294613887
p3subj2_Oz,1,0.5065883512692023
p3subj2_Oz,2,0.4967637540453074
p3subj2_Oz,3,0.49639520535871673
p3subj2_Oz,4,0.4913794539487931
p3subj2_Oz,5,0.493670511682934
p3subj2_Oz,6,0.5853036175710594
p3subj2_Oz,7,0.5057471264367817
p3subj2_Oz,8,0.4884285622193094
p3subj2_Oz,9,0.5032769556025369
p3subj2_O2,0,0.515594581440623
p3subj2_O2,1,0.5054054054054054
p3subj2_O2,2,0.49838187702265374
p3subj2_O2,3,0.49639520535871673
p3subj2_O2,4,0.5000249870900035
p3subj2_O2,5,0.4970718722271517
p3subj2_O2,6,0.5446059431524548
p3subj2_O2,7,0.5028735632183908
p3subj2_O2,8,0.5004082772847412
p3subj2_O2,9,0.503030303030303
p3subj2_PO4,0,0.5210293640493187
p3subj2_PO4,1,0.49662367534707963
p3subj2_PO4,2,0.5046511627906977
p3subj2_PO4,3,0.5009871320289089
p3subj2_PO4,4,0.5000333161200047
p3subj2_PO4,5,0.49537119195504287
p3subj2_PO4,6,0.5740956072351422
p3subj2_PO4,7,0.5086289233606692
p3subj2_PO4,8,0.4935964931130069
p3subj2_PO4,9,0.50157681465821
p3subj2_P4,0,0.5145806294613887
p3subj2_P4,1,0.501182945863797
p3subj2_P4,2,0.49838187702265374
p3subj2_P4,3,0.5028468182619426
p3subj2_P4,4,0.5101281004814179
p3subj2_P4,5,0.4965986394557823
p3subj2_P4,6,0.5920542635658915
p3subj2_P4,7,0.5100615881171162
p3subj2_P4,8,0.5041257494037003
p3subj2_P4,9,0.5046071176885131
p3subj2_P8,0,0.5077871512005192
p3subj2_P8,1,0.4969604863221885
p3subj2_P8,2,0.5
p3subj2_P8,3,0.5018596862330337
p3subj2_P8,4,0.5029068314704069
p3subj2_P8,5,0.5043478260869565
p3subj2_P8,6,0.5825258397932817
p3subj2_P8,7,0.5000082337054969
p3subj2_P8,8,0.5012355759932956
p3subj2_P8,9,0.503030303030303
p3subj2_CP6,0,0.515594581440623
p3subj2_CP6,1,0.49848024316109424
p3subj2_CP6,2,0.5076842026040491
p3subj2_CP6,3,0.5004935660144544
p3subj2_CP6,4,0.5086705202312138
p3subj2_CP6,5,0.49537119195504287
p3subj2_CP6,6,0.5951227390180879
p3subj2_CP6,7,0.5014408984619438
p3subj2_CP6,8,0.49070631970260226
p3subj2_CP6,9,0.5046071176885131
p3subj2_CP2,0,0.5172980207657365
p3subj2_CP2,1,0.5054054054054054
p3subj2_CP2,2,0.5046511627906977
p3subj2_CP2,3,0.5009871320289089
p3subj2_CP2,4,0.5028985024404058
p3subj2_CP2,5,0.5014196983141083
p3subj2_CP2,6,0.5888242894056848
p3subj2_CP2,7,0.5028735632183908
p3subj2_CP2,8,0.4975181038743366
p3subj2_CP2,9,0.503030303030303
p3subj2_C4,0,0.49961469824789095
p3subj2_C4,1,0.5038856485664996
p3subj2_C4,2,0.5007074584180026
p3subj2_C4,3,0.5037193724660673
p3subj2_C4,4,0.5000083290300011
p3subj2_C4,5,0.493670511682934
p3subj2_C4,6,0.5685723514211887
p3subj2_C4,7,0.497134670487106
p3subj2_C4,8,0.501031437350925
p3subj2_C4,9,0.504977096546864
p3subj2_T8,0,0.5006692083062946
p3subj2_T8,1,0.4939209726443769
p3subj2_T8,2,0.5
p3subj2_T8,3,0.5
p3subj2_T8,4,0.5014492512202029
p3subj2_T8,5,0.49489795918367346
p3subj2_T8,6,0.5658914728682171
p3subj2_T8,7,0.5
p3subj2_T8,8,0.49731396523196597
p3subj2_T8,9,0.509090909090909
p3subj2_FC6,0,0.5196706683971447
p3subj2_FC6,1,0.49814343218598534
p3subj2_FC6,2,0.5023255813953489
p3subj2_FC6,3,0.49962101181032964
p3subj2_FC6,4,0.5000083290300011
p3subj2_FC6,5,0.49877255249926056
p3subj2_FC6,6,0.5599483204134367
p3subj2_FC6,7,0.5
p3subj2_FC6,8,0.5002041386423706
p3subj2_FC6,9,0.509090909090909
p3subj2_FC2,0,0.515594581440623
p3subj2_FC2,1,0.4969604863221885
p3subj2_FC2,2,0.5
p3subj2_FC2,3,0.5023532522474881
p3subj2_FC2,4,0.49711815561959655
p3subj2_FC2,5,0.5021739130434782
p3subj2_FC2,6,0.5315245478036176
p3subj2_FC2,7,0.5
p3subj2_FC2,8,0.49008315963641835
p3subj2_FC2,9,0.5046071176885131
p3subj2_F4,0,0.5159393251135627
p3subj2_F4,1,0.49544072948328266
p3subj2_F4,2,0.49908933544065626
p3subj2_F4,3,0.5004935660144544
p3subj2_F4,4,0.5014742383102064
p3subj2_F4,5,0.5043478260869565
p3subj2_F4,6,0.5405361757105943
p3subj2_F4,7,0.5028735632183908
p3subj2_F4,8,0.4944237918215613
p3subj2_F4,9,0.509090909090909
p3subj2_F8,0,0.5047452952628163
p3subj2_F8,1,0.4969604863221885
p3subj2_F8,2,0.5
p3subj2_F8,3,0.49776132557729597
p3subj2_F8,4,0.5000083290300011
p3subj2_F8,5,0.503120378586217
p3subj2_F8,6,0.532202842377261
p3subj2_F8,7,0.498567335243553
p3subj2_F8,8,0.501031437350925
p3subj2_F8,9,0.504853770260747
p3subj2_AF4,0,0.5339065541855937
p3subj2_AF4,1,0.49544072948328266
p3subj2_AF4,2,0.5
p3subj2_AF4,3,0.5023532522474881
p3subj2_AF4,4,0.5000166580600024
p3subj2_AF4,5,0.49829931972789115
p3subj2_AF4,6,0.5185077519379846
p3subj2_AF4,7,0.5014408984619438
p3subj2_AF4,8,0.4954552291724864
p3subj2_AF4,9,0.5046071176885131
p3subj2_Fp2,0,0.5071179428942245
p3subj2_Fp2,1,0.501182945863797
p3subj2_Fp2,2,0.5
p3subj2_Fp2,3,0.5050854926846465
p3subj2_Fp2,4,0.5000083290300011
p3subj2_Fp2,5,0.49026915113871633
p3subj2_Fp2,6,0.5159560723514212
p3subj2_Fp2,7,0.5000082337054969
p3subj2_Fp2,8,0.5030943120527752
p3subj2_Fp2,9,0.509090909090909
p3subj2_Fz,0,0.5511842959117457
p3subj2_Fz,1,0.4932473506941592
p3subj2_Fz,2,0.4967637540453074
p3subj2_Fz,3,0.4930195663670016
p3subj2_Fz,4,0.49431960153920473
p3subj2_Fz,5,0.49829931972789115
p3subj2_Fz,6,0.5213824289405685
p3subj2_Fz,7,0.5043556302078187
p3subj2_Fz,8,0.464254249307003
p3subj2_Fz,9,0.49835271317829455
p3subj2_Cz,0,0.5135666774821545
p3subj2_Cz,1,0.5
p3subj2_Cz,2,0.5007074584180026
p3subj2_Cz,3,0.49639520535871673
p3subj2_Cz,4,0.5029068314704069
p3subj2_Cz,5,0.5009464655427388
p3subj2_Cz,6,0.6074289405684754
p3subj2_Cz,7,0.498567335243553
p3subj2_Cz,8,0.49462793046393194
p3subj2_Cz,9,0.507637420718816
